year,quarter,period,drug_name,category,region,city,channel,units_sold,unit_price,revenue,cogs,gross_profit,mkt_spend,gross_margin_pct
2021,Q1,2021-Q1,Oncovir,Oncology,North India,Lucknow,Online Pharmacy,2215,4297.44,9518823.96,4186367.09,5332456.87,910017.31,56.02
2021,Q1,2021-Q1,Oncovir,Oncology,South India,Bengaluru,Hospital,2624,4353.79,11424355.41,5028627.12,6395728.29,1722875.71,55.98
2021,Q1,2021-Q1,Oncovir,Oncology,West India,Pune,Hospital,2555,4384.19,11201610.91,3921872.33,7279738.58,2007565.66,64.99
2021,Q1,2021-Q1,Oncovir,Oncology,East India,Kolkata,Hospital,679,3992.97,2711225.17,958307.92,1752917.25,359176.24,64.65
2021,Q1,2021-Q1,Oncovir,Oncology,Central India,Raipur,Hospital,1388,4087.76,5673816.38,2062948.37,3610868.01,804766.18,63.64
2021,Q1,2021-Q1,Cardilux,Cardiology,North India,Jaipur,Retail Pharmacy,2463,935.55,2304264.92,1016484.37,1287780.55,223634.47,55.89
2021,Q1,2021-Q1,Cardilux,Cardiology,South India,Bengaluru,Hospital,1610,1025.63,1651267.42,778175.63,873091.79,182401.27,52.87
2021,Q1,2021-Q1,Cardilux,Cardiology,West India,Mumbai,Hospital,3244,974.13,3160093.76,1163880.66,1996213.1,409288.05,63.17
2021,Q1,2021-Q1,Cardilux,Cardiology,East India,Patna,Hospital,2281,948.86,2164347.69,1002751.4,1161596.29,265166.33,53.67
2021,Q1,2021-Q1,Cardilux,Cardiology,Central India,Bhopal,Retail Pharmacy,1798,1026.02,1844782.69,860166.68,984616.01,320899.75,53.37
2021,Q1,2021-Q1,Neuromab,Neurology,North India,Chandigarh,Clinic,1708,3046.23,5202956.81,2266234.19,2936722.62,687224.36,56.44
2021,Q1,2021-Q1,Neuromab,Neurology,South India,Chennai,Hospital,1307,3112.3,4067782.06,1781740.1,2286041.96,718067.39,56.2
2021,Q1,2021-Q1,Neuromab,Neurology,West India,Surat,Retail Pharmacy,2185,3193.68,6978193.12,2520401.91,4457791.21,1246924.21,63.88
2021,Q1,2021-Q1,Neuromab,Neurology,East India,Ranchi,Hospital,1900,2949.36,5603793.02,2128468.31,3475324.71,846924.75,62.02
2021,Q1,2021-Q1,Neuromab,Neurology,Central India,Raipur,Online Pharmacy,2030,3232.15,6561271.14,2937228.83,3624042.31,1125231.54,55.23
2021,Q1,2021-Q1,Diabequil,Diabetes,North India,Delhi,Retail Pharmacy,1377,549.42,756544.47,301692.91,454851.56,115721.51,60.12
2021,Q1,2021-Q1,Diabequil,Diabetes,South India,Kochi,Hospital,2725,558.44,1521760.0,559915.06,961844.94,230279.54,63.21
2021,Q1,2021-Q1,Diabequil,Diabetes,West India,Mumbai,Online Pharmacy,1437,575.17,826525.27,350504.03,476021.24,109327.21,57.59
2021,Q1,2021-Q1,Diabequil,Diabetes,East India,Patna,Hospital,1891,543.3,1027373.26,497623.18,529750.08,131028.13,51.56
2021,Q1,2021-Q1,Diabequil,Diabetes,Central India,Nagpur,Retail Pharmacy,1999,539.8,1079065.32,475503.74,603561.58,144577.61,55.93
2021,Q1,2021-Q1,Immuflex,Immunology,North India,Delhi,Hospital,2098,2827.68,5932477.53,2694636.54,3237840.99,996933.77,54.58
2021,Q1,2021-Q1,Immuflex,Immunology,South India,Chennai,Online Pharmacy,1834,2885.03,5291141.68,1999974.88,3291166.8,895556.95,62.2
2021,Q1,2021-Q1,Immuflex,Immunology,West India,Ahmedabad,Hospital,3133,2910.91,9119867.13,3626975.91,5492891.22,829955.26,60.23
2021,Q1,2021-Q1,Immuflex,Immunology,East India,Kolkata,Retail Pharmacy,1467,2901.0,4255773.69,1493958.8,2761814.89,557824.39,64.9
2021,Q1,2021-Q1,Immuflex,Immunology,Central India,Nagpur,Retail Pharmacy,1608,2754.53,4429287.85,2176713.52,2252574.33,497498.91,50.86
2021,Q1,2021-Q1,Rheumastat,Immunology,North India,Jaipur,Retail Pharmacy,2048,1673.86,3428057.38,1330385.57,2097671.81,358875.12,61.19
2021,Q1,2021-Q1,Rheumastat,Immunology,South India,Bengaluru,Retail Pharmacy,2801,1712.35,4796284.19,1705237.51,3091046.68,676067.11,64.45
2021,Q1,2021-Q1,Rheumastat,Immunology,West India,Pune,Retail Pharmacy,1826,1711.26,3124766.48,1519386.09,1605380.39,324838.81,51.38
2021,Q1,2021-Q1,Rheumastat,Immunology,East India,Bhubaneswar,Retail Pharmacy,2065,1759.26,3632864.24,1594480.49,2038383.75,320002.05,56.11
2021,Q1,2021-Q1,Rheumastat,Immunology,Central India,Indore,Hospital,1224,1803.05,2206932.54,928114.66,1278817.88,393589.46,57.95
2021,Q1,2021-Q1,Pulmocare,Respiratory,North India,Chandigarh,Retail Pharmacy,3164,919.84,2910379.84,1158671.72,1751708.12,287114.36,60.19
2021,Q1,2021-Q1,Pulmocare,Respiratory,South India,Hyderabad,Online Pharmacy,3168,846.98,2683220.97,1145236.16,1537984.81,275431.5,57.32
2021,Q1,2021-Q1,Pulmocare,Respiratory,West India,Surat,Hospital,1421,906.99,1288837.7,525859.06,762978.64,223836.31,59.2
2021,Q1,2021-Q1,Pulmocare,Respiratory,East India,Kolkata,Retail Pharmacy,2292,927.8,2126512.4,1024130.29,1102382.11,224972.6,51.84
2021,Q1,2021-Q1,Pulmocare,Respiratory,Central India,Indore,Hospital,1112,894.91,995143.11,427361.81,567781.3,103679.21,57.06
2021,Q1,2021-Q1,Hepazone,Hepatology,North India,Jaipur,Clinic,1324,2184.09,2891732.24,1286720.27,1605011.97,329376.92,55.5
2021,Q1,2021-Q1,Hepazone,Hepatology,South India,Bengaluru,Online Pharmacy,2247,2174.83,4886838.74,2006908.46,2879930.28,824786.03,58.93
2021,Q1,2021-Q1,Hepazone,Hepatology,West India,Surat,Hospital,2476,2183.7,5406832.24,2384220.31,3022611.93,437519.27,55.9
2021,Q1,2021-Q1,Hepazone,Hepatology,East India,Bhubaneswar,Clinic,2222,2054.62,4565373.21,1806995.62,2758377.59,586930.66,60.42
2021,Q1,2021-Q1,Hepazone,Hepatology,Central India,Raipur,Retail Pharmacy,1958,2031.94,3978546.95,1403278.48,2575268.47,514781.69,64.73
2021,Q2,2021-Q2,Oncovir,Oncology,North India,Jaipur,Online Pharmacy,3126,4302.55,13449776.36,6161893.84,7287882.52,1490316.98,54.19
2021,Q2,2021-Q2,Oncovir,Oncology,South India,Kochi,Hospital,1586,4101.38,6504796.6,2514744.26,3990052.34,1153307.3,61.34
2021,Q2,2021-Q2,Oncovir,Oncology,West India,Mumbai,Retail Pharmacy,3118,4255.08,13267333.9,6225320.91,7042012.99,1728252.13,53.08
2021,Q2,2021-Q2,Oncovir,Oncology,East India,Ranchi,Retail Pharmacy,2073,4072.0,8441260.26,3869202.04,4572058.22,912308.08,54.16
2021,Q2,2021-Q2,Oncovir,Oncology,Central India,Raipur,Online Pharmacy,693,4407.71,3054543.87,1284410.27,1770133.6,329756.44,57.95
2021,Q2,2021-Q2,Cardilux,Cardiology,North India,Chandigarh,Hospital,2953,1024.4,3025056.27,1208850.44,1816205.83,409219.01,60.04
2021,Q2,2021-Q2,Cardilux,Cardiology,South India,Bengaluru,Clinic,2240,938.38,2101980.01,832078.36,1269901.65,208287.52,60.41
2021,Q2,2021-Q2,Cardilux,Cardiology,West India,Mumbai,Hospital,1112,967.52,1075885.92,440256.52,635629.4,176898.58,59.08
2021,Q2,2021-Q2,Cardilux,Cardiology,East India,Patna,Retail Pharmacy,1282,991.27,1270809.05,633508.58,637300.47,119466.73,50.15
2021,Q2,2021-Q2,Cardilux,Cardiology,Central India,Raipur,Hospital,1346,1014.17,1365072.34,505750.02,859322.32,205977.27,62.95
2021,Q2,2021-Q2,Neuromab,Neurology,North India,Lucknow,Hospital,1537,3196.14,4912459.73,2358279.58,2554180.15,841622.52,51.99
2021,Q2,2021-Q2,Neuromab,Neurology,South India,Chennai,Hospital,1043,3192.47,3329747.78,1490044.12,1839703.66,500117.09,55.25
2021,Q2,2021-Q2,Neuromab,Neurology,West India,Surat,Hospital,3247,3049.78,9902630.79,4023809.67,5878821.12,885277.31,59.37
2021,Q2,2021-Q2,Neuromab,Neurology,East India,Patna,Retail Pharmacy,765,3089.34,2363341.57,1019537.74,1343803.83,256786.81,56.86
2021,Q2,2021-Q2,Neuromab,Neurology,Central India,Bhopal,Online Pharmacy,2137,2957.04,6319191.85,2499176.09,3820015.76,844928.04,60.45
2021,Q2,2021-Q2,Diabequil,Diabetes,North India,Delhi,Retail Pharmacy,2754,544.09,1498412.78,664446.53,833966.25,132661.6,55.66
2021,Q2,2021-Q2,Diabequil,Diabetes,South India,Hyderabad,Hospital,1057,571.17,603729.53,223834.51,379895.02,56312.6,62.92
2021,Q2,2021-Q2,Diabequil,Diabetes,West India,Pune,Retail Pharmacy,2991,534.3,1598090.64,654934.52,943156.12,197127.79,59.02
2021,Q2,2021-Q2,Diabequil,Diabetes,East India,Bhubaneswar,Hospital,1386,542.32,751659.24,272199.07,479460.17,92327.39,63.79
2021,Q2,2021-Q2,Diabequil,Diabetes,Central India,Indore,Retail Pharmacy,1598,583.25,932036.65,388056.1,543980.55,96911.99,58.36
2021,Q2,2021-Q2,Immuflex,Immunology,North India,Chandigarh,Online Pharmacy,1480,2921.69,4324104.04,1927428.68,2396675.36,569353.16,55.43
2021,Q2,2021-Q2,Immuflex,Immunology,South India,Kochi,Retail Pharmacy,1191,2759.67,3286769.77,1523999.27,1762770.5,267672.39,53.63
2021,Q2,2021-Q2,Immuflex,Immunology,West India,Pune,Hospital,2169,2747.2,5958667.53,2961020.27,2997647.26,581166.88,50.31
2021,Q2,2021-Q2,Immuflex,Immunology,East India,Ranchi,Hospital,1215,2756.97,3349712.73,1405878.02,1943834.71,485632.54,58.03
2021,Q2,2021-Q2,Immuflex,Immunology,Central India,Bhopal,Retail Pharmacy,2066,2899.82,5991022.24,2688795.01,3302227.23,576896.16,55.12
2021,Q2,2021-Q2,Rheumastat,Immunology,North India,Jaipur,Clinic,1490,1814.26,2703247.12,1204189.92,1499057.2,432776.16,55.45
2021,Q2,2021-Q2,Rheumastat,Immunology,South India,Kochi,Hospital,2960,1742.69,5158375.0,2227605.65,2930769.35,898312.85,56.82
2021,Q2,2021-Q2,Rheumastat,Immunology,West India,Ahmedabad,Online Pharmacy,2389,1820.94,4350216.97,1650336.03,2699880.94,378191.03,62.06
2021,Q2,2021-Q2,Rheumastat,Immunology,East India,Patna,Hospital,1397,1782.03,2489490.58,897905.22,1591585.36,278567.93,63.93
2021,Q2,2021-Q2,Rheumastat,Immunology,Central India,Bhopal,Retail Pharmacy,1034,1708.12,1766197.67,749584.21,1016613.46,263673.95,57.56
2021,Q2,2021-Q2,Pulmocare,Respiratory,North India,Chandigarh,Retail Pharmacy,1393,848.99,1182639.7,488065.83,694573.87,209041.09,58.73
2021,Q2,2021-Q2,Pulmocare,Respiratory,South India,Kochi,Hospital,2402,882.22,2119099.58,859936.36,1259163.22,334057.6,59.42
2021,Q2,2021-Q2,Pulmocare,Respiratory,West India,Surat,Online Pharmacy,1003,866.74,869335.33,392919.33,476416.0,133869.71,54.8
2021,Q2,2021-Q2,Pulmocare,Respiratory,East India,Patna,Hospital,1886,893.06,1684302.0,714959.55,969342.45,200367.61,57.55
2021,Q2,2021-Q2,Pulmocare,Respiratory,Central India,Nagpur,Online Pharmacy,2069,846.46,1751335.16,850811.4,900523.76,156094.17,51.42
2021,Q2,2021-Q2,Hepazone,Hepatology,North India,Lucknow,Clinic,1897,2098.54,3980921.63,1443054.88,2537866.75,354980.43,63.75
2021,Q2,2021-Q2,Hepazone,Hepatology,South India,Kochi,Hospital,2865,2153.0,6168341.14,2891328.84,3277012.3,980530.7,53.13
2021,Q2,2021-Q2,Hepazone,Hepatology,West India,Mumbai,Clinic,2410,2007.09,4837080.49,2091695.49,2745385.0,600538.3,56.76
2021,Q2,2021-Q2,Hepazone,Hepatology,East India,Patna,Retail Pharmacy,1395,2025.03,2824914.41,1311400.4,1513514.01,400634.46,53.58
2021,Q2,2021-Q2,Hepazone,Hepatology,Central India,Nagpur,Online Pharmacy,1697,2142.2,3635319.37,1312039.29,2323280.08,589597.93,63.91
2021,Q3,2021-Q3,Oncovir,Oncology,North India,Chandigarh,Hospital,3307,4025.63,13312764.49,6629702.62,6683061.87,1563279.06,50.2
2021,Q3,2021-Q3,Oncovir,Oncology,South India,Hyderabad,Online Pharmacy,3100,4387.84,13602317.65,6772596.13,6829721.52,2112954.35,50.21
2021,Q3,2021-Q3,Oncovir,Oncology,West India,Pune,Online Pharmacy,3132,4316.4,13518970.14,5863997.11,7654973.03,1655022.08,56.62
2021,Q3,2021-Q3,Oncovir,Oncology,East India,Bhubaneswar,Hospital,874,3994.77,3491427.7,1467443.91,2023983.79,298972.1,57.97
2021,Q3,2021-Q3,Oncovir,Oncology,Central India,Indore,Online Pharmacy,1439,4262.67,6133979.72,2833326.53,3300653.19,848555.6,53.81
2021,Q3,2021-Q3,Cardilux,Cardiology,North India,Chandigarh,Retail Pharmacy,2680,959.0,2570119.42,1234402.32,1335717.1,263076.35,51.97
2021,Q3,2021-Q3,Cardilux,Cardiology,South India,Chennai,Online Pharmacy,1855,1026.05,1903319.27,678483.81,1224835.46,321878.53,64.35
2021,Q3,2021-Q3,Cardilux,Cardiology,West India,Pune,Clinic,2462,955.79,2353162.46,1069069.16,1284093.3,206003.97,54.57
2021,Q3,2021-Q3,Cardilux,Cardiology,East India,Patna,Retail Pharmacy,2114,959.86,2029144.9,1013303.64,1015841.26,303747.78,50.06
2021,Q3,2021-Q3,Cardilux,Cardiology,Central India,Raipur,Clinic,1559,1024.95,1597901.47,573134.64,1024766.83,190872.81,64.13
2021,Q3,2021-Q3,Neuromab,Neurology,North India,Jaipur,Retail Pharmacy,2105,2997.6,6309949.62,2820719.45,3489230.17,749791.36,55.3
2021,Q3,2021-Q3,Neuromab,Neurology,South India,Kochi,Retail Pharmacy,2085,3247.06,6770125.08,3371059.29,3399065.79,1014274.22,50.21
2021,Q3,2021-Q3,Neuromab,Neurology,West India,Mumbai,Hospital,3403,3197.28,10880331.78,4925631.47,5954700.31,1047359.17,54.73
2021,Q3,2021-Q3,Neuromab,Neurology,East India,Bhubaneswar,Hospital,1070,3239.44,3466198.63,1590492.72,1875705.91,489917.78,54.11
2021,Q3,2021-Q3,Neuromab,Neurology,Central India,Bhopal,Hospital,1357,3213.48,4360692.1,1555819.94,2804872.16,360353.19,64.32
2021,Q3,2021-Q3,Diabequil,Diabetes,North India,Delhi,Online Pharmacy,3441,587.29,2020856.16,752895.29,1267960.87,281733.76,62.74
2021,Q3,2021-Q3,Diabequil,Diabetes,South India,Bengaluru,Hospital,1860,578.95,1076840.32,452600.27,624240.05,130816.66,57.97
2021,Q3,2021-Q3,Diabequil,Diabetes,West India,Mumbai,Hospital,1580,570.74,901762.89,387895.06,513867.83,139765.2,56.98
2021,Q3,2021-Q3,Diabequil,Diabetes,East India,Patna,Retail Pharmacy,1361,579.58,788808.73,305349.61,483459.12,98644.01,61.29
2021,Q3,2021-Q3,Diabequil,Diabetes,Central India,Bhopal,Hospital,1261,565.95,713657.63,274256.07,439401.56,105029.04,61.57
2021,Q3,2021-Q3,Immuflex,Immunology,North India,Jaipur,Hospital,3383,2691.8,9106346.29,4104557.91,5001788.38,1202317.91,54.93
2021,Q3,2021-Q3,Immuflex,Immunology,South India,Chennai,Online Pharmacy,1333,2888.59,3850487.81,1906746.41,1943741.4,342080.5,50.48
2021,Q3,2021-Q3,Immuflex,Immunology,West India,Ahmedabad,Retail Pharmacy,1707,2794.41,4770062.77,1970419.28,2799643.49,755896.71,58.69
2021,Q3,2021-Q3,Immuflex,Immunology,East India,Bhubaneswar,Online Pharmacy,1110,2912.88,3233299.35,1431024.53,1802274.82,575676.9,55.74
2021,Q3,2021-Q3,Immuflex,Immunology,Central India,Bhopal,Retail Pharmacy,1834,2782.49,5103092.12,2478183.01,2624909.11,585965.34,51.44
2021,Q3,2021-Q3,Rheumastat,Immunology,North India,Chandigarh,Retail Pharmacy,2481,1731.89,4296831.46,1904841.27,2391990.19,714289.67,55.67
2021,Q3,2021-Q3,Rheumastat,Immunology,South India,Hyderabad,Online Pharmacy,1171,1824.65,2136668.47,905557.37,1231111.1,226111.74,57.62
2021,Q3,2021-Q3,Rheumastat,Immunology,West India,Surat,Hospital,3480,1723.3,5997074.77,2287102.12,3709972.65,827386.38,61.86
2021,Q3,2021-Q3,Rheumastat,Immunology,East India,Patna,Hospital,1404,1743.02,2447201.28,1071176.5,1376024.78,293737.69,56.23
2021,Q3,2021-Q3,Rheumastat,Immunology,Central India,Indore,Retail Pharmacy,985,1784.39,1757621.94,723699.4,1033922.54,294281.74,58.83
2021,Q3,2021-Q3,Pulmocare,Respiratory,North India,Lucknow,Retail Pharmacy,3184,899.07,2862646.04,1098046.21,1764599.83,464261.25,61.64
2021,Q3,2021-Q3,Pulmocare,Respiratory,South India,Chennai,Hospital,2785,894.34,2490724.82,1071418.97,1419305.85,287925.67,56.98
2021,Q3,2021-Q3,Pulmocare,Respiratory,West India,Pune,Hospital,2281,874.88,1995598.67,794722.06,1200876.61,178065.39,60.18
2021,Q3,2021-Q3,Pulmocare,Respiratory,East India,Patna,Retail Pharmacy,1691,923.25,1561213.21,762076.35,799136.86,134432.63,51.19
2021,Q3,2021-Q3,Pulmocare,Respiratory,Central India,Bhopal,Online Pharmacy,2426,912.1,2212742.74,835704.59,1377038.15,223343.04,62.23
2021,Q3,2021-Q3,Hepazone,Hepatology,North India,Lucknow,Clinic,1523,2124.83,3236121.42,1311719.9,1924401.52,408571.56,59.47
2021,Q3,2021-Q3,Hepazone,Hepatology,South India,Hyderabad,Hospital,2668,2022.95,5397242.75,2445354.82,2951887.93,887544.55,54.69
2021,Q3,2021-Q3,Hepazone,Hepatology,West India,Ahmedabad,Retail Pharmacy,3247,2045.92,6643098.36,2593375.82,4049722.54,782081.45,60.96
2021,Q3,2021-Q3,Hepazone,Hepatology,East India,Bhubaneswar,Retail Pharmacy,1886,2039.4,3846316.1,1535159.39,2311156.71,353769.59,60.09
2021,Q3,2021-Q3,Hepazone,Hepatology,Central India,Nagpur,Hospital,2441,2137.61,5217909.64,2443942.01,2773967.63,677515.41,53.16
2021,Q4,2021-Q4,Oncovir,Oncology,North India,Lucknow,Retail Pharmacy,3032,4236.47,12844986.95,5932019.48,6912967.47,1582065.08,53.82
2021,Q4,2021-Q4,Oncovir,Oncology,South India,Bengaluru,Hospital,3365,4367.85,14697821.67,6483698.33,8214123.34,1534971.64,55.89
2021,Q4,2021-Q4,Oncovir,Oncology,West India,Ahmedabad,Clinic,2914,3993.16,11636081.16,4465927.01,7170154.15,1356018.65,61.62
2021,Q4,2021-Q4,Oncovir,Oncology,East India,Ranchi,Hospital,2515,4013.37,10093636.78,4808074.66,5285562.12,859609.92,52.37
2021,Q4,2021-Q4,Oncovir,Oncology,Central India,Raipur,Retail Pharmacy,1680,4037.06,6782254.65,2778542.83,4003711.82,1200099.91,59.03
2021,Q4,2021-Q4,Cardilux,Cardiology,North India,Jaipur,Hospital,1212,956.27,1159004.67,435360.56,723644.11,170216.44,62.44
2021,Q4,2021-Q4,Cardilux,Cardiology,South India,Hyderabad,Online Pharmacy,3184,977.71,3113024.53,1481137.8,1631886.73,312883.11,52.42
2021,Q4,2021-Q4,Cardilux,Cardiology,West India,Pune,Hospital,3601,950.55,3422936.6,1576046.92,1846889.68,455195.81,53.96
2021,Q4,2021-Q4,Cardilux,Cardiology,East India,Kolkata,Retail Pharmacy,1158,939.55,1088004.04,463397.89,624606.15,188443.86,57.41
2021,Q4,2021-Q4,Cardilux,Cardiology,Central India,Nagpur,Retail Pharmacy,1662,963.99,1602146.76,593054.17,1009092.59,138325.34,62.98
2021,Q4,2021-Q4,Neuromab,Neurology,North India,Jaipur,Hospital,2633,3196.06,8415228.82,3266758.99,5148469.83,1246718.44,61.18
2021,Q4,2021-Q4,Neuromab,Neurology,South India,Hyderabad,Hospital,3943,3132.89,12352991.51,5795324.65,6557666.86,1120044.81,53.09
2021,Q4,2021-Q4,Neuromab,Neurology,West India,Mumbai,Online Pharmacy,1428,3071.64,4386302.88,2149028.35,2237274.53,785555.91,51.01
2021,Q4,2021-Q4,Neuromab,Neurology,East India,Bhubaneswar,Hospital,2452,3232.2,7925352.74,3631709.54,4293643.2,672144.92,54.18
2021,Q4,2021-Q4,Neuromab,Neurology,Central India,Nagpur,Hospital,1634,3177.66,5192289.24,2440015.44,2752273.8,843815.89,53.01
2021,Q4,2021-Q4,Diabequil,Diabetes,North India,Delhi,Online Pharmacy,1159,561.29,650537.04,262702.84,387834.2,109108.11,59.62
2021,Q4,2021-Q4,Diabequil,Diabetes,South India,Hyderabad,Retail Pharmacy,3828,556.59,2130632.47,866190.87,1264441.6,269030.66,59.35
2021,Q4,2021-Q4,Diabequil,Diabetes,West India,Pune,Retail Pharmacy,1896,560.15,1062048.84,408710.28,653338.56,180503.12,61.52
2021,Q4,2021-Q4,Diabequil,Diabetes,East India,Patna,Retail Pharmacy,1676,582.76,976709.85,433303.36,543406.49,89554.33,55.64
2021,Q4,2021-Q4,Diabequil,Diabetes,Central India,Bhopal,Hospital,1956,550.75,1077276.22,399551.85,677724.37,171720.54,62.91
2021,Q4,2021-Q4,Immuflex,Immunology,North India,Delhi,Retail Pharmacy,1688,2910.29,4912569.39,2300505.06,2612064.33,467516.89,53.17
2021,Q4,2021-Q4,Immuflex,Immunology,South India,Hyderabad,Online Pharmacy,2515,2700.08,6790690.73,2585091.62,4205599.11,1028154.09,61.93
2021,Q4,2021-Q4,Immuflex,Immunology,West India,Mumbai,Online Pharmacy,2678,2889.95,7739291.58,2837183.74,4902107.84,1274237.44,63.34
2021,Q4,2021-Q4,Immuflex,Immunology,East India,Ranchi,Retail Pharmacy,2962,2883.24,8540164.88,3181105.64,5359059.24,878997.66,62.75
2021,Q4,2021-Q4,Immuflex,Immunology,Central India,Indore,Online Pharmacy,873,2827.56,2468463.33,1073352.66,1395110.67,374263.24,56.52
2021,Q4,2021-Q4,Rheumastat,Immunology,North India,Lucknow,Hospital,1071,1830.34,1960292.09,786819.37,1173472.72,201390.8,59.86
2021,Q4,2021-Q4,Rheumastat,Immunology,South India,Bengaluru,Retail Pharmacy,1670,1689.34,2821191.95,1235497.21,1585694.74,368416.26,56.21
2021,Q4,2021-Q4,Rheumastat,Immunology,West India,Mumbai,Hospital,3365,1815.12,6107884.47,2991750.18,3116134.29,833807.58,51.02
2021,Q4,2021-Q4,Rheumastat,Immunology,East India,Ranchi,Online Pharmacy,2756,1776.49,4896004.41,2280005.61,2615998.8,575004.07,53.43
2021,Q4,2021-Q4,Rheumastat,Immunology,Central India,Nagpur,Retail Pharmacy,2179,1683.99,3669418.32,1414142.1,2255276.22,354289.86,61.46
2021,Q4,2021-Q4,Pulmocare,Respiratory,North India,Jaipur,Hospital,3509,873.22,3064123.86,1176958.6,1887165.26,431396.28,61.59
2021,Q4,2021-Q4,Pulmocare,Respiratory,South India,Bengaluru,Hospital,1438,916.95,1318579.79,462419.08,856160.71,149460.91,64.93
2021,Q4,2021-Q4,Pulmocare,Respiratory,West India,Ahmedabad,Retail Pharmacy,3346,927.37,3102970.48,1247244.88,1855725.6,355896.19,59.8
2021,Q4,2021-Q4,Pulmocare,Respiratory,East India,Bhubaneswar,Clinic,1798,848.42,1525465.19,742767.95,782697.24,159903.29,51.31
2021,Q4,2021-Q4,Pulmocare,Respiratory,Central India,Nagpur,Retail Pharmacy,1475,848.52,1251559.99,496520.1,755039.89,197808.52,60.33
2021,Q4,2021-Q4,Hepazone,Hepatology,North India,Lucknow,Retail Pharmacy,3031,2103.19,6374758.2,3163991.37,3210766.83,802575.04,50.37
2021,Q4,2021-Q4,Hepazone,Hepatology,South India,Kochi,Retail Pharmacy,2711,2204.34,5975975.48,2541757.18,3434218.3,833878.66,57.47
2021,Q4,2021-Q4,Hepazone,Hepatology,West India,Mumbai,Hospital,2416,2183.59,5275556.82,2008778.76,3266778.06,522642.94,61.92
2021,Q4,2021-Q4,Hepazone,Hepatology,East India,Kolkata,Hospital,2965,2056.75,6098261.92,2787569.68,3310692.24,809634.36,54.29
2021,Q4,2021-Q4,Hepazone,Hepatology,Central India,Bhopal,Retail Pharmacy,2894,2099.37,6075584.04,2823952.37,3251631.67,548613.99,53.52
2022,Q1,2022-Q1,Oncovir,Oncology,North India,Jaipur,Online Pharmacy,1894,4104.37,7773670.68,3767234.01,4006436.67,1031238.41,51.54
2022,Q1,2022-Q1,Oncovir,Oncology,South India,Hyderabad,Hospital,3378,4290.71,14494012.76,6505472.27,7988540.49,1198793.99,55.12
2022,Q1,2022-Q1,Oncovir,Oncology,West India,Ahmedabad,Hospital,3469,4272.19,14820244.29,5230902.75,9589341.54,1339911.0,64.7
2022,Q1,2022-Q1,Oncovir,Oncology,East India,Patna,Retail Pharmacy,1935,4031.77,7801466.02,3015078.04,4786387.98,1187591.37,61.35
2022,Q1,2022-Q1,Oncovir,Oncology,Central India,Indore,Online Pharmacy,1095,4386.65,4803384.03,1782834.96,3020549.07,579476.55,62.88
2022,Q1,2022-Q1,Cardilux,Cardiology,North India,Lucknow,Online Pharmacy,3381,993.06,3357527.73,1545757.73,1811770.0,553363.58,53.96
2022,Q1,2022-Q1,Cardilux,Cardiology,South India,Kochi,Hospital,3053,994.01,3034702.47,1382585.93,1652116.54,519123.49,54.44
2022,Q1,2022-Q1,Cardilux,Cardiology,West India,Mumbai,Hospital,1910,1011.86,1932653.59,781678.91,1150974.68,161227.4,59.55
2022,Q1,2022-Q1,Cardilux,Cardiology,East India,Ranchi,Retail Pharmacy,1607,1006.84,1617985.1,654335.32,963649.78,268758.33,59.56
2022,Q1,2022-Q1,Cardilux,Cardiology,Central India,Raipur,Clinic,1915,944.73,1809160.04,868885.65,940274.39,232916.91,51.97
2022,Q1,2022-Q1,Neuromab,Neurology,North India,Chandigarh,Retail Pharmacy,1818,3076.82,5593651.83,1976630.96,3617020.87,597780.91,64.66
2022,Q1,2022-Q1,Neuromab,Neurology,South India,Kochi,Retail Pharmacy,2709,3024.95,8194576.5,3039396.38,5155180.12,1339756.09,62.91
2022,Q1,2022-Q1,Neuromab,Neurology,West India,Surat,Hospital,3556,2998.22,10661672.38,4167073.06,6494599.32,872541.33,60.92
2022,Q1,2022-Q1,Neuromab,Neurology,East India,Bhubaneswar,Retail Pharmacy,2679,3123.72,8368446.17,3272968.61,5095477.56,1133236.57,60.89
2022,Q1,2022-Q1,Neuromab,Neurology,Central India,Nagpur,Retail Pharmacy,1214,3008.99,3652914.58,1284545.13,2368369.45,342236.32,64.84
2022,Q1,2022-Q1,Diabequil,Diabetes,North India,Delhi,Hospital,1812,565.46,1024604.7,450905.5,573699.2,150108.35,55.99
2022,Q1,2022-Q1,Diabequil,Diabetes,South India,Bengaluru,Retail Pharmacy,1933,561.06,1084527.8,387225.11,697302.69,104796.12,64.3
2022,Q1,2022-Q1,Diabequil,Diabetes,West India,Ahmedabad,Hospital,1844,565.78,1043291.9,403547.78,639744.12,124078.25,61.32
2022,Q1,2022-Q1,Diabequil,Diabetes,East India,Ranchi,Retail Pharmacy,1795,572.41,1027468.48,453689.7,573778.78,179735.76,55.84
2022,Q1,2022-Q1,Diabequil,Diabetes,Central India,Raipur,Retail Pharmacy,1363,539.56,735420.38,310761.62,424658.76,78683.45,57.74
2022,Q1,2022-Q1,Immuflex,Immunology,North India,Lucknow,Hospital,3035,2895.63,8788231.91,4191645.44,4596586.47,1542542.38,52.3
2022,Q1,2022-Q1,Immuflex,Immunology,South India,Bengaluru,Hospital,1227,2792.79,3426748.97,1376379.63,2050369.34,394603.91,59.83
2022,Q1,2022-Q1,Immuflex,Immunology,West India,Mumbai,Retail Pharmacy,2149,2827.52,6076340.69,2545696.46,3530644.23,532246.98,58.1
2022,Q1,2022-Q1,Immuflex,Immunology,East India,Bhubaneswar,Online Pharmacy,900,2930.96,2637860.25,925329.91,1712530.34,238223.51,64.92
2022,Q1,2022-Q1,Immuflex,Immunology,Central India,Nagpur,Hospital,1611,2926.07,4713893.07,1965226.1,2748666.97,464381.13,58.31
2022,Q1,2022-Q1,Rheumastat,Immunology,North India,Chandigarh,Clinic,1348,1790.64,2413781.85,1136853.05,1276928.8,352118.48,52.9
2022,Q1,2022-Q1,Rheumastat,Immunology,South India,Chennai,Retail Pharmacy,2605,1706.19,4444629.9,1881917.39,2562712.51,453889.8,57.66
2022,Q1,2022-Q1,Rheumastat,Immunology,West India,Pune,Hospital,2919,1669.4,4872977.7,2221280.01,2651697.69,840709.66,54.42
2022,Q1,2022-Q1,Rheumastat,Immunology,East India,Patna,Retail Pharmacy,972,1717.25,1669166.61,614384.15,1054782.46,255553.36,63.19
2022,Q1,2022-Q1,Rheumastat,Immunology,Central India,Raipur,Clinic,2032,1736.31,3528178.8,1655778.81,1872399.99,545126.4,53.07
2022,Q1,2022-Q1,Pulmocare,Respiratory,North India,Jaipur,Online Pharmacy,1423,892.0,1269311.27,566978.49,702332.78,184071.38,55.33
2022,Q1,2022-Q1,Pulmocare,Respiratory,South India,Kochi,Hospital,2474,924.26,2286631.25,982199.06,1304432.19,283778.29,57.05
2022,Q1,2022-Q1,Pulmocare,Respiratory,West India,Ahmedabad,Hospital,2685,904.39,2428279.93,1118656.03,1309623.9,320573.77,53.93
2022,Q1,2022-Q1,Pulmocare,Respiratory,East India,Kolkata,Retail Pharmacy,1029,886.61,912324.69,454840.57,457484.12,73007.65,50.14
2022,Q1,2022-Q1,Pulmocare,Respiratory,Central India,Nagpur,Retail Pharmacy,2129,916.59,1951423.75,975107.16,976316.59,224552.64,50.03
2022,Q1,2022-Q1,Hepazone,Hepatology,North India,Chandigarh,Hospital,1323,2095.77,2772708.84,1231431.59,1541277.25,464061.93,55.59
2022,Q1,2022-Q1,Hepazone,Hepatology,South India,Bengaluru,Hospital,2215,2065.64,4575387.72,1959994.89,2615392.83,701073.76,57.16
2022,Q1,2022-Q1,Hepazone,Hepatology,West India,Mumbai,Hospital,2429,2057.37,4997353.2,2388351.4,2609001.8,757375.52,52.21
2022,Q1,2022-Q1,Hepazone,Hepatology,East India,Kolkata,Hospital,1394,2186.17,3047522.67,1087249.73,1960272.94,277162.31,64.32
2022,Q1,2022-Q1,Hepazone,Hepatology,Central India,Nagpur,Retail Pharmacy,2488,2162.58,5380493.46,2092190.88,3288302.58,747110.69,61.12
2022,Q2,2022-Q2,Oncovir,Oncology,North India,Lucknow,Online Pharmacy,2737,4242.34,11611271.85,5637952.85,5973319.0,2077471.24,51.44
2022,Q2,2022-Q2,Oncovir,Oncology,South India,Bengaluru,Clinic,3351,4158.66,13935682.06,6628839.68,7306842.38,1436168.47,52.43
2022,Q2,2022-Q2,Oncovir,Oncology,West India,Ahmedabad,Retail Pharmacy,1377,4151.32,5716364.96,2032223.71,3684141.25,1004519.82,64.45
2022,Q2,2022-Q2,Oncovir,Oncology,East India,Ranchi,Hospital,2616,4254.51,11129789.6,4256572.49,6873217.11,1467196.05,61.76
2022,Q2,2022-Q2,Oncovir,Oncology,Central India,Indore,Clinic,2280,4099.3,9346399.47,3993596.75,5352802.72,1206794.33,57.27
2022,Q2,2022-Q2,Cardilux,Cardiology,North India,Delhi,Hospital,1235,976.41,1205867.97,534730.83,671137.14,186652.88,55.66
2022,Q2,2022-Q2,Cardilux,Cardiology,South India,Hyderabad,Retail Pharmacy,3826,1015.29,3884508.83,1626112.94,2258395.89,462710.95,58.14
2022,Q2,2022-Q2,Cardilux,Cardiology,West India,Ahmedabad,Hospital,2712,1024.65,2778861.23,1331961.38,1446899.85,447262.18,52.07
2022,Q2,2022-Q2,Cardilux,Cardiology,East India,Ranchi,Clinic,2235,939.52,2099837.71,863596.02,1236241.69,246245.56,58.87
2022,Q2,2022-Q2,Cardilux,Cardiology,Central India,Indore,Retail Pharmacy,1903,979.6,1864170.85,675122.4,1189048.45,190179.58,63.78
2022,Q2,2022-Q2,Neuromab,Neurology,North India,Delhi,Online Pharmacy,2282,3208.87,7322650.8,3106795.55,4215855.25,937728.83,57.57
2022,Q2,2022-Q2,Neuromab,Neurology,South India,Hyderabad,Clinic,3004,3052.82,9170673.85,4142415.6,5028258.25,1252468.24,54.83
2022,Q2,2022-Q2,Neuromab,Neurology,West India,Mumbai,Online Pharmacy,1364,3192.2,4354163.62,1954008.32,2400155.3,718690.29,55.12
2022,Q2,2022-Q2,Neuromab,Neurology,East India,Patna,Hospital,1171,3018.99,3535241.87,1730548.81,1804693.06,320234.26,51.05
2022,Q2,2022-Q2,Neuromab,Neurology,Central India,Raipur,Online Pharmacy,2717,3218.31,8744141.51,4321331.07,4422810.44,1106544.88,50.58
2022,Q2,2022-Q2,Diabequil,Diabetes,North India,Lucknow,Online Pharmacy,3057,541.0,1653844.81,781764.26,872080.55,269929.66,52.73
2022,Q2,2022-Q2,Diabequil,Diabetes,South India,Hyderabad,Hospital,3899,548.07,2136941.05,945679.84,1191261.21,380628.99,55.75
2022,Q2,2022-Q2,Diabequil,Diabetes,West India,Mumbai,Hospital,2014,532.51,1072471.22,507066.44,565404.78,99573.45,52.72
2022,Q2,2022-Q2,Diabequil,Diabetes,East India,Patna,Online Pharmacy,1396,556.21,776462.86,369610.47,406852.39,92566.11,52.4
2022,Q2,2022-Q2,Diabequil,Diabetes,Central India,Raipur,Clinic,1702,576.17,980646.77,368784.99,611861.78,154045.3,62.39
2022,Q2,2022-Q2,Immuflex,Immunology,North India,Jaipur,Hospital,2369,2875.88,6812949.3,3108652.03,3704297.27,867679.43,54.37
2022,Q2,2022-Q2,Immuflex,Immunology,South India,Chennai,Retail Pharmacy,2104,2849.29,5994915.91,2499242.95,3495672.96,867808.23,58.31
2022,Q2,2022-Q2,Immuflex,Immunology,West India,Surat,Online Pharmacy,2459,2678.38,6586124.91,3116731.75,3469393.16,771784.2,52.68
2022,Q2,2022-Q2,Immuflex,Immunology,East India,Ranchi,Online Pharmacy,1379,2660.29,3668537.5,1371448.78,2297088.72,465368.44,62.62
2022,Q2,2022-Q2,Immuflex,Immunology,Central India,Indore,Retail Pharmacy,797,2807.57,2237630.7,1060386.59,1177244.11,245775.63,52.61
2022,Q2,2022-Q2,Rheumastat,Immunology,North India,Jaipur,Hospital,2283,1702.76,3887399.7,1437172.71,2450226.99,648439.39,63.03
2022,Q2,2022-Q2,Rheumastat,Immunology,South India,Chennai,Hospital,2503,1827.63,4574564.86,1889108.18,2685456.68,658063.03,58.7
2022,Q2,2022-Q2,Rheumastat,Immunology,West India,Pune,Online Pharmacy,2970,1717.09,5099762.05,2030273.47,3069488.58,777419.29,60.19
2022,Q2,2022-Q2,Rheumastat,Immunology,East India,Bhubaneswar,Hospital,2676,1814.42,4855391.91,2220072.63,2635319.28,661668.67,54.28
2022,Q2,2022-Q2,Rheumastat,Immunology,Central India,Indore,Retail Pharmacy,2291,1690.37,3872633.1,1473750.62,2398882.48,345115.31,61.94
2022,Q2,2022-Q2,Pulmocare,Respiratory,North India,Jaipur,Online Pharmacy,3231,892.7,2884318.68,1017239.45,1867079.23,460567.38,64.73
2022,Q2,2022-Q2,Pulmocare,Respiratory,South India,Kochi,Hospital,1647,900.38,1482928.95,696206.36,786722.59,190040.66,53.05
2022,Q2,2022-Q2,Pulmocare,Respiratory,West India,Pune,Retail Pharmacy,2767,867.53,2400458.43,1041227.41,1359231.02,246176.65,56.62
2022,Q2,2022-Q2,Pulmocare,Respiratory,East India,Ranchi,Hospital,1827,874.51,1597724.96,700665.65,897059.31,197038.91,56.15
2022,Q2,2022-Q2,Pulmocare,Respiratory,Central India,Indore,Retail Pharmacy,829,886.85,735198.05,332359.88,402838.17,87896.24,54.79
2022,Q2,2022-Q2,Hepazone,Hepatology,North India,Lucknow,Retail Pharmacy,3048,2132.97,6501282.23,3013727.18,3487555.05,1139446.34,53.64
2022,Q2,2022-Q2,Hepazone,Hepatology,South India,Hyderabad,Hospital,1418,2152.32,3051995.35,1135001.4,1916993.95,275531.82,62.81
2022,Q2,2022-Q2,Hepazone,Hepatology,West India,Pune,Hospital,1869,2096.29,3917975.06,1494912.93,2423062.13,449006.43,61.84
2022,Q2,2022-Q2,Hepazone,Hepatology,East India,Ranchi,Hospital,2865,2010.21,5759244.25,2477260.19,3281984.06,969012.13,56.99
2022,Q2,2022-Q2,Hepazone,Hepatology,Central India,Bhopal,Hospital,2820,2070.14,5837789.96,2325274.67,3512515.29,1037647.54,60.17
2022,Q3,2022-Q3,Oncovir,Oncology,North India,Chandigarh,Retail Pharmacy,1213,4074.06,4941838.54,1853794.27,3088044.27,447022.82,62.49
2022,Q3,2022-Q3,Oncovir,Oncology,South India,Bengaluru,Hospital,2007,4003.27,8034555.22,3940401.68,4094153.54,684521.03,50.96
2022,Q3,2022-Q3,Oncovir,Oncology,West India,Surat,Hospital,2036,4355.81,8868423.12,4053871.85,4814551.27,1420480.24,54.29
2022,Q3,2022-Q3,Oncovir,Oncology,East India,Bhubaneswar,Retail Pharmacy,2876,4267.54,12273457.84,5313796.25,6959661.59,1715186.11,56.7
2022,Q3,2022-Q3,Oncovir,Oncology,Central India,Bhopal,Retail Pharmacy,1250,4007.12,5008895.91,1876332.02,3132563.89,620405.46,62.54
2022,Q3,2022-Q3,Cardilux,Cardiology,North India,Chandigarh,Hospital,3778,994.73,3758085.52,1585505.61,2172579.91,532047.96,57.81
2022,Q3,2022-Q3,Cardilux,Cardiology,South India,Bengaluru,Clinic,2077,948.85,1970756.37,923210.23,1047546.14,287475.76,53.15
2022,Q3,2022-Q3,Cardilux,Cardiology,West India,Ahmedabad,Hospital,3748,1001.48,3753553.69,1442371.36,2311182.33,674263.58,61.57
2022,Q3,2022-Q3,Cardilux,Cardiology,East India,Kolkata,Retail Pharmacy,2557,970.52,2481618.65,950668.82,1530949.83,302360.36,61.69
2022,Q3,2022-Q3,Cardilux,Cardiology,Central India,Raipur,Hospital,2051,948.07,1944493.51,960807.46,983686.05,236432.4,50.59
2022,Q3,2022-Q3,Neuromab,Neurology,North India,Jaipur,Retail Pharmacy,1693,3172.96,5371818.9,2498747.67,2873071.23,700939.04,53.48
2022,Q3,2022-Q3,Neuromab,Neurology,South India,Chennai,Online Pharmacy,1969,3127.3,6157649.95,2182327.59,3975322.36,736156.39,64.56
2022,Q3,2022-Q3,Neuromab,Neurology,West India,Surat,Online Pharmacy,3011,3190.82,9607548.15,4306596.92,5300951.23,1721800.71,55.17
2022,Q3,2022-Q3,Neuromab,Neurology,East India,Bhubaneswar,Clinic,2107,3063.99,6455832.44,2710622.77,3745209.67,1056172.94,58.01
2022,Q3,2022-Q3,Neuromab,Neurology,Central India,Nagpur,Hospital,2805,3226.8,9051174.23,3411862.45,5639311.78,939098.54,62.3
2022,Q3,2022-Q3,Diabequil,Diabetes,North India,Chandigarh,Retail Pharmacy,1741,545.84,950316.04,456733.75,493582.29,118343.36,51.94
2022,Q3,2022-Q3,Diabequil,Diabetes,South India,Kochi,Retail Pharmacy,1300,537.33,698535.04,312816.9,385718.14,77687.44,55.22
2022,Q3,2022-Q3,Diabequil,Diabetes,West India,Surat,Hospital,2757,532.51,1468118.22,643420.27,824697.95,205347.75,56.17
2022,Q3,2022-Q3,Diabequil,Diabetes,East India,Ranchi,Clinic,1440,541.51,779769.28,333714.81,446054.47,88660.01,57.2
2022,Q3,2022-Q3,Diabequil,Diabetes,Central India,Bhopal,Hospital,2836,545.93,1548251.81,685212.51,863039.3,233287.06,55.74
2022,Q3,2022-Q3,Immuflex,Immunology,North India,Jaipur,Hospital,2713,2670.27,7244437.08,3335775.69,3908661.39,1060443.98,53.95
2022,Q3,2022-Q3,Immuflex,Immunology,South India,Hyderabad,Online Pharmacy,3437,2885.59,9917764.73,4342028.69,5575736.04,1654552.21,56.22
2022,Q3,2022-Q3,Immuflex,Immunology,West India,Surat,Retail Pharmacy,3681,2735.53,10069485.53,3610545.23,6458940.3,1340419.23,64.14
2022,Q3,2022-Q3,Immuflex,Immunology,East India,Ranchi,Hospital,2989,2722.92,8138796.91,3068339.18,5070457.73,723177.34,62.3
2022,Q3,2022-Q3,Immuflex,Immunology,Central India,Nagpur,Retail Pharmacy,1931,2852.7,5508560.23,2256343.99,3252216.24,705039.02,59.04
2022,Q3,2022-Q3,Rheumastat,Immunology,North India,Lucknow,Hospital,1308,1774.35,2320844.55,1114441.11,1206403.44,291205.62,51.98
2022,Q3,2022-Q3,Rheumastat,Immunology,South India,Bengaluru,Retail Pharmacy,2405,1779.2,4278978.99,1587277.36,2691701.63,355143.96,62.91
2022,Q3,2022-Q3,Rheumastat,Immunology,West India,Mumbai,Hospital,3721,1697.82,6317604.42,2849333.5,3468270.92,1118160.42,54.9
2022,Q3,2022-Q3,Rheumastat,Immunology,East India,Kolkata,Online Pharmacy,2198,1814.42,3988105.92,1501810.89,2486295.03,595275.04,62.34
2022,Q3,2022-Q3,Rheumastat,Immunology,Central India,Raipur,Clinic,2658,1665.57,4427072.56,1711604.06,2715468.5,722001.17,61.34
2022,Q3,2022-Q3,Pulmocare,Respiratory,North India,Lucknow,Retail Pharmacy,1786,855.57,1528042.26,717150.81,810891.45,262621.23,53.07
2022,Q3,2022-Q3,Pulmocare,Respiratory,South India,Hyderabad,Hospital,3918,919.09,3600989.37,1620609.88,1980379.49,495922.94,55.0
2022,Q3,2022-Q3,Pulmocare,Respiratory,West India,Pune,Retail Pharmacy,2431,899.34,2186297.73,869527.19,1316770.54,364333.11,60.23
2022,Q3,2022-Q3,Pulmocare,Respiratory,East India,Kolkata,Online Pharmacy,1298,855.21,1110063.56,496838.64,613224.92,173746.13,55.24
2022,Q3,2022-Q3,Pulmocare,Respiratory,Central India,Indore,Retail Pharmacy,1713,873.73,1496700.21,718917.64,777782.57,175962.89,51.97
2022,Q3,2022-Q3,Hepazone,Hepatology,North India,Chandigarh,Retail Pharmacy,3122,2063.96,6443683.3,2864418.99,3579264.31,908450.97,55.55
2022,Q3,2022-Q3,Hepazone,Hepatology,South India,Bengaluru,Retail Pharmacy,3214,2120.26,6814521.91,2942871.96,3871649.95,848012.36,56.81
2022,Q3,2022-Q3,Hepazone,Hepatology,West India,Pune,Hospital,2366,2092.33,4950461.65,2014678.82,2935782.83,823426.94,59.3
2022,Q3,2022-Q3,Hepazone,Hepatology,East India,Ranchi,Online Pharmacy,2768,2000.38,5537065.22,2221399.55,3315665.67,653482.01,59.88
2022,Q3,2022-Q3,Hepazone,Hepatology,Central India,Bhopal,Retail Pharmacy,2439,2122.66,5177167.91,2405998.13,2771169.78,835069.8,53.53
2022,Q4,2022-Q4,Oncovir,Oncology,North India,Chandigarh,Online Pharmacy,2672,4335.41,11584202.79,4803150.05,6781052.74,1965508.24,58.54
2022,Q4,2022-Q4,Oncovir,Oncology,South India,Hyderabad,Online Pharmacy,4229,4379.35,18520290.22,6649527.01,11870763.21,3212225.86,64.1
2022,Q4,2022-Q4,Oncovir,Oncology,West India,Pune,Hospital,3333,4194.07,13978822.44,5431002.96,8547819.48,1516524.57,61.15
2022,Q4,2022-Q4,Oncovir,Oncology,East India,Patna,Clinic,2294,4216.45,9672531.11,3837055.9,5835475.21,1364149.74,60.33
2022,Q4,2022-Q4,Oncovir,Oncology,Central India,Bhopal,Hospital,3215,4041.19,12992432.79,4900387.09,8092045.7,1924332.42,62.28
2022,Q4,2022-Q4,Cardilux,Cardiology,North India,Chandigarh,Online Pharmacy,1842,956.14,1761215.69,870813.78,890401.91,226060.07,50.56
2022,Q4,2022-Q4,Cardilux,Cardiology,South India,Bengaluru,Online Pharmacy,3211,935.25,3003101.97,1336298.41,1666803.56,525964.28,55.5
2022,Q4,2022-Q4,Cardilux,Cardiology,West India,Ahmedabad,Retail Pharmacy,3245,1017.65,3302281.5,1268776.07,2033505.43,334205.7,61.58
2022,Q4,2022-Q4,Cardilux,Cardiology,East India,Bhubaneswar,Hospital,2846,1013.31,2883870.04,1398686.97,1485183.07,332631.74,51.5
2022,Q4,2022-Q4,Cardilux,Cardiology,Central India,Bhopal,Hospital,2630,957.93,2519358.51,1192644.54,1326713.97,308303.54,52.66
2022,Q4,2022-Q4,Neuromab,Neurology,North India,Chandigarh,Online Pharmacy,2538,3138.4,7965250.04,3327603.89,4637646.15,1104468.31,58.22
2022,Q4,2022-Q4,Neuromab,Neurology,South India,Bengaluru,Hospital,3298,3091.6,10196085.29,4387413.38,5808671.91,997631.85,56.97
2022,Q4,2022-Q4,Neuromab,Neurology,West India,Mumbai,Retail Pharmacy,2761,3008.92,8307621.8,3702658.18,4604963.62,878019.13,55.43
2022,Q4,2022-Q4,Neuromab,Neurology,East India,Kolkata,Retail Pharmacy,1993,3251.21,6479668.53,2400496.64,4079171.89,968804.11,62.95
2022,Q4,2022-Q4,Neuromab,Neurology,Central India,Raipur,Retail Pharmacy,1968,3050.74,6003852.2,2838657.69,3165194.51,842472.19,52.72
2022,Q4,2022-Q4,Diabequil,Diabetes,North India,Chandigarh,Retail Pharmacy,2947,575.27,1695311.47,660721.06,1034590.41,245021.64,61.03
2022,Q4,2022-Q4,Diabequil,Diabetes,South India,Kochi,Hospital,3503,544.69,1908058.73,769423.63,1138635.1,165891.18,59.68
2022,Q4,2022-Q4,Diabequil,Diabetes,West India,Mumbai,Online Pharmacy,2712,576.82,1564335.74,602358.13,961977.61,209622.85,61.49
2022,Q4,2022-Q4,Diabequil,Diabetes,East India,Bhubaneswar,Retail Pharmacy,1003,561.85,563531.17,224651.74,338879.43,63848.19,60.13
2022,Q4,2022-Q4,Diabequil,Diabetes,Central India,Bhopal,Hospital,2184,569.06,1242833.58,538976.55,703857.03,190234.39,56.63
2022,Q4,2022-Q4,Immuflex,Immunology,North India,Chandigarh,Hospital,2164,2817.44,6096946.89,3009719.99,3087226.9,594637.02,50.64
2022,Q4,2022-Q4,Immuflex,Immunology,South India,Bengaluru,Online Pharmacy,1787,2810.03,5021526.74,1830353.87,3191172.87,627877.11,63.55
2022,Q4,2022-Q4,Immuflex,Immunology,West India,Surat,Hospital,3435,2846.18,9776612.1,4588335.09,5188277.01,1688594.76,53.07
2022,Q4,2022-Q4,Immuflex,Immunology,East India,Kolkata,Hospital,1656,2937.9,4865154.75,2379304.64,2485850.11,651909.88,51.09
2022,Q4,2022-Q4,Immuflex,Immunology,Central India,Nagpur,Retail Pharmacy,2087,2834.6,5915818.53,2149623.08,3766195.45,920069.76,63.66
2022,Q4,2022-Q4,Rheumastat,Immunology,North India,Delhi,Retail Pharmacy,3440,1786.53,6145664.31,2184316.94,3961347.37,677945.66,64.46
2022,Q4,2022-Q4,Rheumastat,Immunology,South India,Chennai,Hospital,1835,1723.11,3161900.08,1220045.39,1941854.69,414121.72,61.41
2022,Q4,2022-Q4,Rheumastat,Immunology,West India,Ahmedabad,Hospital,3846,1767.6,6798205.02,2905225.93,3892979.09,1168877.91,57.26
2022,Q4,2022-Q4,Rheumastat,Immunology,East India,Patna,Retail Pharmacy,2479,1811.5,4490706.93,1712201.37,2778505.56,777159.59,61.87
2022,Q4,2022-Q4,Rheumastat,Immunology,Central India,Bhopal,Retail Pharmacy,2465,1729.11,4262253.87,2053111.27,2209142.6,710968.11,51.83
2022,Q4,2022-Q4,Pulmocare,Respiratory,North India,Chandigarh,Hospital,2587,918.37,2375816.5,946475.87,1429340.63,195504.47,60.16
2022,Q4,2022-Q4,Pulmocare,Respiratory,South India,Bengaluru,Retail Pharmacy,4203,896.5,3767992.39,1845975.69,1922016.7,518160.5,51.01
2022,Q4,2022-Q4,Pulmocare,Respiratory,West India,Mumbai,Online Pharmacy,1488,899.47,1338406.92,496387.96,842018.96,227296.51,62.91
2022,Q4,2022-Q4,Pulmocare,Respiratory,East India,Bhubaneswar,Hospital,3199,918.94,2939698.24,1322705.56,1616992.68,270970.19,55.01
2022,Q4,2022-Q4,Pulmocare,Respiratory,Central India,Nagpur,Hospital,1462,866.2,1266380.12,458423.03,807957.09,199673.15,63.8
2022,Q4,2022-Q4,Hepazone,Hepatology,North India,Jaipur,Retail Pharmacy,1987,2101.29,4175262.82,1736603.51,2438659.31,378138.81,58.41
2022,Q4,2022-Q4,Hepazone,Hepatology,South India,Chennai,Hospital,1355,2125.11,2879528.75,1288675.97,1590852.78,274138.29,55.25
2022,Q4,2022-Q4,Hepazone,Hepatology,West India,Ahmedabad,Retail Pharmacy,4255,2091.56,8899579.67,3192497.88,5707081.79,1597355.58,64.13
2022,Q4,2022-Q4,Hepazone,Hepatology,East India,Kolkata,Retail Pharmacy,2649,2201.57,5831965.75,2250421.54,3581544.21,549516.6,61.41
2022,Q4,2022-Q4,Hepazone,Hepatology,Central India,Nagpur,Online Pharmacy,1841,2032.33,3741521.26,1697687.99,2043833.27,530567.05,54.63
2023,Q1,2023-Q1,Oncovir,Oncology,North India,Jaipur,Clinic,3912,4248.39,16619710.15,6580375.51,10039334.64,2366473.61,60.41
2023,Q1,2023-Q1,Oncovir,Oncology,South India,Kochi,Online Pharmacy,3329,4362.37,14522342.28,6062608.79,8459733.49,1444424.86,58.25
2023,Q1,2023-Q1,Oncovir,Oncology,West India,Ahmedabad,Retail Pharmacy,3253,4064.29,13221143.83,5395043.94,7826099.89,2331974.8,59.19
2023,Q1,2023-Q1,Oncovir,Oncology,East India,Patna,Retail Pharmacy,1600,4099.12,6558594.48,3043472.96,3515121.52,614612.25,53.6
2023,Q1,2023-Q1,Oncovir,Oncology,Central India,Raipur,Retail Pharmacy,2755,4091.3,11271544.21,5594981.1,5676563.11,1805179.64,50.36
2023,Q1,2023-Q1,Cardilux,Cardiology,North India,Delhi,Hospital,1677,941.75,1579321.71,682573.25,896748.46,198106.54,56.78
2023,Q1,2023-Q1,Cardilux,Cardiology,South India,Kochi,Hospital,2059,978.85,2015447.27,750768.82,1264678.45,226672.5,62.75
2023,Q1,2023-Q1,Cardilux,Cardiology,West India,Surat,Retail Pharmacy,3556,991.18,3524635.97,1688070.77,1836565.2,420275.38,52.11
2023,Q1,2023-Q1,Cardilux,Cardiology,East India,Bhubaneswar,Online Pharmacy,938,941.01,882667.99,396144.77,486523.22,153834.13,55.12
2023,Q1,2023-Q1,Cardilux,Cardiology,Central India,Bhopal,Retail Pharmacy,2821,958.38,2703584.44,1323533.9,1380050.54,284703.24,51.05
2023,Q1,2023-Q1,Neuromab,Neurology,North India,Jaipur,Retail Pharmacy,2009,3098.59,6225067.62,2539530.88,3685536.74,778210.91,59.2
2023,Q1,2023-Q1,Neuromab,Neurology,South India,Hyderabad,Retail Pharmacy,2387,3218.56,7682708.51,2810749.81,4871958.7,1373879.76,63.41
2023,Q1,2023-Q1,Neuromab,Neurology,West India,Ahmedabad,Retail Pharmacy,2276,2956.79,6729646.7,3108633.03,3621013.67,981879.37,53.81
2023,Q1,2023-Q1,Neuromab,Neurology,East India,Patna,Hospital,2563,3102.66,7952116.5,3245571.14,4706545.36,1003514.91,59.19
2023,Q1,2023-Q1,Neuromab,Neurology,Central India,Indore,Hospital,1175,3237.12,3803613.38,1778479.86,2025133.52,439257.0,53.24
2023,Q1,2023-Q1,Diabequil,Diabetes,North India,Chandigarh,Hospital,3765,574.8,2164140.33,843488.77,1320651.56,177664.01,61.02
2023,Q1,2023-Q1,Diabequil,Diabetes,South India,Kochi,Retail Pharmacy,2951,575.82,1699242.33,652808.74,1046433.59,301783.88,61.58
2023,Q1,2023-Q1,Diabequil,Diabetes,West India,Ahmedabad,Hospital,3638,566.44,2060711.36,960693.47,1100017.89,297546.99,53.38
2023,Q1,2023-Q1,Diabequil,Diabetes,East India,Bhubaneswar,Retail Pharmacy,1214,550.04,667753.5,246257.5,421496.0,85094.24,63.12
2023,Q1,2023-Q1,Diabequil,Diabetes,Central India,Bhopal,Retail Pharmacy,2468,583.54,1440168.43,616558.03,823610.4,203999.82,57.19
2023,Q1,2023-Q1,Immuflex,Immunology,North India,Chandigarh,Hospital,2099,2691.03,5648464.06,2484080.04,3164384.02,505544.14,56.02
2023,Q1,2023-Q1,Immuflex,Immunology,South India,Kochi,Retail Pharmacy,4285,2768.82,11864405.63,4443843.62,7420562.01,1273989.56,62.54
2023,Q1,2023-Q1,Immuflex,Immunology,West India,Surat,Hospital,2056,2663.56,5476279.71,2731909.55,2744370.16,805809.88,50.11
2023,Q1,2023-Q1,Immuflex,Immunology,East India,Bhubaneswar,Online Pharmacy,1640,2917.3,4784371.06,1855552.07,2928818.99,743989.76,61.22
2023,Q1,2023-Q1,Immuflex,Immunology,Central India,Nagpur,Clinic,1080,2863.98,3093095.58,1442827.38,1650268.2,450404.77,53.35
2023,Q1,2023-Q1,Rheumastat,Immunology,North India,Lucknow,Hospital,1938,1834.82,3555875.74,1744541.83,1811333.91,299822.1,50.94
2023,Q1,2023-Q1,Rheumastat,Immunology,South India,Chennai,Hospital,1459,1789.55,2610948.32,1234111.2,1376837.12,264622.58,52.73
2023,Q1,2023-Q1,Rheumastat,Immunology,West India,Ahmedabad,Hospital,2585,1790.74,4629063.6,1996679.84,2632383.76,643600.79,56.87
2023,Q1,2023-Q1,Rheumastat,Immunology,East India,Ranchi,Retail Pharmacy,2547,1761.38,4486231.93,2033756.06,2452475.87,750691.47,54.67
2023,Q1,2023-Q1,Rheumastat,Immunology,Central India,Raipur,Online Pharmacy,1897,1690.65,3207160.07,1390965.68,1816194.39,516914.74,56.63
2023,Q1,2023-Q1,Pulmocare,Respiratory,North India,Jaipur,Online Pharmacy,1656,870.23,1441106.32,546313.43,894792.89,242079.42,62.09
2023,Q1,2023-Q1,Pulmocare,Respiratory,South India,Chennai,Hospital,3214,910.74,2927129.11,1294955.53,1632173.58,289207.6,55.76
2023,Q1,2023-Q1,Pulmocare,Respiratory,West India,Mumbai,Hospital,3068,894.83,2745326.66,963017.88,1782308.78,428542.95,64.92
2023,Q1,2023-Q1,Pulmocare,Respiratory,East India,Bhubaneswar,Online Pharmacy,2905,863.52,2508527.84,1238487.84,1270040.0,292981.19,50.63
2023,Q1,2023-Q1,Pulmocare,Respiratory,Central India,Raipur,Online Pharmacy,1779,887.36,1578610.59,671394.97,907215.62,145976.34,57.47
2023,Q1,2023-Q1,Hepazone,Hepatology,North India,Lucknow,Retail Pharmacy,2445,2158.88,5278471.27,2019444.74,3259026.53,495027.12,61.74
2023,Q1,2023-Q1,Hepazone,Hepatology,South India,Chennai,Retail Pharmacy,4072,2032.46,8276169.96,2932749.44,5343420.52,800210.56,64.56
2023,Q1,2023-Q1,Hepazone,Hepatology,West India,Surat,Online Pharmacy,1834,2146.92,3937442.11,1439609.96,2497832.15,403760.57,63.44
2023,Q1,2023-Q1,Hepazone,Hepatology,East India,Ranchi,Retail Pharmacy,998,2120.87,2116625.75,931996.56,1184629.19,174184.08,55.97
2023,Q1,2023-Q1,Hepazone,Hepatology,Central India,Raipur,Retail Pharmacy,2649,2026.29,5367642.06,2438586.06,2929056.0,829797.32,54.57
2023,Q2,2023-Q2,Oncovir,Oncology,North India,Chandigarh,Online Pharmacy,2404,4207.25,10114236.22,4207824.17,5906412.05,958275.87,58.4
2023,Q2,2023-Q2,Oncovir,Oncology,South India,Bengaluru,Online Pharmacy,3087,4146.0,12798693.48,4599611.54,8199081.94,2049540.43,64.06
2023,Q2,2023-Q2,Oncovir,Oncology,West India,Ahmedabad,Clinic,2738,4115.77,11268968.06,4237380.03,7031588.03,1619974.18,62.4
2023,Q2,2023-Q2,Oncovir,Oncology,East India,Ranchi,Online Pharmacy,3172,4278.08,13570078.43,6766976.96,6803101.47,2099589.12,50.13
2023,Q2,2023-Q2,Oncovir,Oncology,Central India,Raipur,Retail Pharmacy,1744,4067.48,7093685.17,2868227.44,4225457.73,804786.59,59.57
2023,Q2,2023-Q2,Cardilux,Cardiology,North India,Delhi,Online Pharmacy,3873,1012.51,3921436.94,1533127.42,2388309.52,516876.28,60.9
2023,Q2,2023-Q2,Cardilux,Cardiology,South India,Hyderabad,Online Pharmacy,3526,1014.57,3577364.46,1373104.09,2204260.37,421025.09,61.62
2023,Q2,2023-Q2,Cardilux,Cardiology,West India,Surat,Hospital,4359,973.65,4244130.23,2082183.0,2161947.23,639174.08,50.94
2023,Q2,2023-Q2,Cardilux,Cardiology,East India,Bhubaneswar,Hospital,2042,1020.12,2083085.53,972867.52,1110218.01,168111.09,53.3
2023,Q2,2023-Q2,Cardilux,Cardiology,Central India,Nagpur,Hospital,2826,943.87,2667382.96,1093161.3,1574221.66,459489.54,59.02
2023,Q2,2023-Q2,Neuromab,Neurology,North India,Delhi,Clinic,3218,2962.69,9533926.65,3740426.96,5793499.69,1012222.41,60.77
2023,Q2,2023-Q2,Neuromab,Neurology,South India,Bengaluru,Hospital,1676,3022.36,5065474.22,1979549.13,3085925.09,789909.17,60.92
2023,Q2,2023-Q2,Neuromab,Neurology,West India,Pune,Online Pharmacy,2078,2965.26,6161817.57,2607284.86,3554532.71,513657.49,57.69
2023,Q2,2023-Q2,Neuromab,Neurology,East India,Ranchi,Retail Pharmacy,1889,2988.17,5644645.7,2426424.91,3218220.79,683620.56,57.01
2023,Q2,2023-Q2,Neuromab,Neurology,Central India,Raipur,Hospital,2369,2951.77,6992731.88,3143711.65,3849020.23,1233094.45,55.04
2023,Q2,2023-Q2,Diabequil,Diabetes,North India,Lucknow,Online Pharmacy,3244,578.36,1876201.88,878356.95,997844.93,267250.97,53.18
2023,Q2,2023-Q2,Diabequil,Diabetes,South India,Hyderabad,Clinic,2987,540.12,1613332.6,740154.02,873178.58,159912.03,54.12
2023,Q2,2023-Q2,Diabequil,Diabetes,West India,Mumbai,Retail Pharmacy,4034,585.03,2360027.22,1168457.56,1191569.66,231994.32,50.49
2023,Q2,2023-Q2,Diabequil,Diabetes,East India,Kolkata,Hospital,1912,546.05,1044055.5,498632.98,545422.52,142119.21,52.24
2023,Q2,2023-Q2,Diabequil,Diabetes,Central India,Nagpur,Clinic,1462,580.17,848205.36,388836.12,459369.24,73596.1,54.16
2023,Q2,2023-Q2,Immuflex,Immunology,North India,Chandigarh,Retail Pharmacy,3509,2682.88,9414236.79,3942165.49,5472071.3,1209443.51,58.13
2023,Q2,2023-Q2,Immuflex,Immunology,South India,Hyderabad,Hospital,4498,2897.99,13035172.98,5870433.83,7164739.15,1645424.1,54.96
2023,Q2,2023-Q2,Immuflex,Immunology,West India,Surat,Retail Pharmacy,2087,2677.44,5587809.91,2385298.58,3202511.33,897627.81,57.31
2023,Q2,2023-Q2,Immuflex,Immunology,East India,Bhubaneswar,Clinic,2996,2799.23,8386498.05,3362705.78,5023792.27,1402336.28,59.9
2023,Q2,2023-Q2,Immuflex,Immunology,Central India,Bhopal,Hospital,2879,2871.15,8266041.28,2915365.41,5350675.87,765645.2,64.73
2023,Q2,2023-Q2,Rheumastat,Immunology,North India,Lucknow,Online Pharmacy,2280,1704.29,3885779.69,1623035.39,2262744.3,693607.66,58.23
2023,Q2,2023-Q2,Rheumastat,Immunology,South India,Chennai,Retail Pharmacy,4567,1673.91,7644750.64,3207658.68,4437091.96,1306656.23,58.04
2023,Q2,2023-Q2,Rheumastat,Immunology,West India,Mumbai,Hospital,2367,1727.59,4089201.31,1708282.34,2380918.97,489633.36,58.22
2023,Q2,2023-Q2,Rheumastat,Immunology,East India,Patna,Online Pharmacy,1248,1696.73,2117521.07,800440.95,1317080.12,189314.03,62.2
2023,Q2,2023-Q2,Rheumastat,Immunology,Central India,Indore,Online Pharmacy,1369,1773.55,2427992.58,1140396.85,1287595.73,290380.74,53.03
2023,Q2,2023-Q2,Pulmocare,Respiratory,North India,Jaipur,Online Pharmacy,2932,859.56,2520224.0,1145151.65,1375072.35,401537.55,54.56
2023,Q2,2023-Q2,Pulmocare,Respiratory,South India,Bengaluru,Retail Pharmacy,1658,925.35,1534229.61,575839.53,958390.08,200531.65,62.47
2023,Q2,2023-Q2,Pulmocare,Respiratory,West India,Surat,Hospital,2125,910.7,1935247.14,915481.48,1019765.66,215424.36,52.69
2023,Q2,2023-Q2,Pulmocare,Respiratory,East India,Bhubaneswar,Retail Pharmacy,2913,921.76,2685092.07,987164.97,1697927.1,413431.77,63.24
2023,Q2,2023-Q2,Pulmocare,Respiratory,Central India,Raipur,Clinic,1465,888.7,1301941.03,479589.62,822351.41,198570.16,63.16
2023,Q2,2023-Q2,Hepazone,Hepatology,North India,Chandigarh,Hospital,2776,2200.75,6109293.98,2739530.23,3369763.75,568058.31,55.16
2023,Q2,2023-Q2,Hepazone,Hepatology,South India,Hyderabad,Retail Pharmacy,4294,2181.95,9369311.3,3390856.71,5978454.59,1434906.74,63.81
2023,Q2,2023-Q2,Hepazone,Hepatology,West India,Mumbai,Hospital,1601,2167.0,3469372.34,1495712.55,1973659.79,523959.46,56.89
2023,Q2,2023-Q2,Hepazone,Hepatology,East India,Ranchi,Clinic,2566,2167.54,5561917.26,2329830.3,3232086.96,643957.82,58.11
2023,Q2,2023-Q2,Hepazone,Hepatology,Central India,Bhopal,Online Pharmacy,1478,2065.39,3052651.87,1147993.2,1904658.67,461565.24,62.39
2023,Q3,2023-Q3,Oncovir,Oncology,North India,Jaipur,Hospital,3231,4090.75,13217203.97,4907492.3,8309711.67,1517257.58,62.87
2023,Q3,2023-Q3,Oncovir,Oncology,South India,Bengaluru,Hospital,2976,4263.48,12688122.39,5622605.49,7065516.9,1462147.44,55.69
2023,Q3,2023-Q3,Oncovir,Oncology,West India,Mumbai,Online Pharmacy,2604,4003.07,10423990.51,4804356.87,5619633.64,944771.84,53.91
2023,Q3,2023-Q3,Oncovir,Oncology,East India,Patna,Retail Pharmacy,1078,4276.3,4609852.67,1729016.53,2880836.14,670863.75,62.49
2023,Q3,2023-Q3,Oncovir,Oncology,Central India,Nagpur,Online Pharmacy,1763,4022.37,7091443.18,2844073.03,4247370.15,1181708.53,59.89
2023,Q3,2023-Q3,Cardilux,Cardiology,North India,Lucknow,Hospital,1921,934.25,1794699.16,709968.56,1084730.6,260799.0,60.44
2023,Q3,2023-Q3,Cardilux,Cardiology,South India,Chennai,Clinic,2116,1010.12,2137424.1,767044.74,1370379.36,363115.73,64.11
2023,Q3,2023-Q3,Cardilux,Cardiology,West India,Ahmedabad,Clinic,3410,941.88,3211800.46,1339508.14,1872292.32,404801.93,58.29
2023,Q3,2023-Q3,Cardilux,Cardiology,East India,Ranchi,Hospital,2802,1026.73,2876887.46,1054690.21,1822197.25,351713.42,63.34
2023,Q3,2023-Q3,Cardilux,Cardiology,Central India,Nagpur,Retail Pharmacy,1139,1020.97,1162886.54,455858.04,707028.5,192846.32,60.8
2023,Q3,2023-Q3,Neuromab,Neurology,North India,Lucknow,Clinic,3244,3161.79,10256839.51,4881426.2,5375413.31,1827562.32,52.41
2023,Q3,2023-Q3,Neuromab,Neurology,South India,Chennai,Online Pharmacy,3855,3202.11,12344143.09,4841720.77,7502422.32,2064871.27,60.78
2023,Q3,2023-Q3,Neuromab,Neurology,West India,Pune,Hospital,3401,3112.62,10586008.81,3858390.3,6727618.51,1102949.72,63.55
2023,Q3,2023-Q3,Neuromab,Neurology,East India,Ranchi,Retail Pharmacy,3314,3200.61,10606807.59,3830501.45,6776306.14,1088631.28,63.89
2023,Q3,2023-Q3,Neuromab,Neurology,Central India,Bhopal,Online Pharmacy,2698,2964.99,7999549.21,3852470.25,4147078.96,1341733.8,51.84
2023,Q3,2023-Q3,Diabequil,Diabetes,North India,Delhi,Retail Pharmacy,3541,542.38,1920562.23,694946.56,1225615.67,199644.4,63.82
2023,Q3,2023-Q3,Diabequil,Diabetes,South India,Hyderabad,Hospital,2913,547.0,1593397.87,746306.34,847091.53,218829.19,53.16
2023,Q3,2023-Q3,Diabequil,Diabetes,West India,Mumbai,Hospital,3159,544.33,1719546.74,727808.81,991737.93,264391.62,57.67
2023,Q3,2023-Q3,Diabequil,Diabetes,East India,Kolkata,Clinic,2423,580.64,1406888.02,506061.89,900826.13,247024.84,64.03
2023,Q3,2023-Q3,Diabequil,Diabetes,Central India,Indore,Retail Pharmacy,2395,549.75,1316648.88,546658.65,769990.23,207224.69,58.48
2023,Q3,2023-Q3,Immuflex,Immunology,North India,Delhi,Hospital,2335,2784.15,6500981.85,2867345.4,3633636.45,930490.44,55.89
2023,Q3,2023-Q3,Immuflex,Immunology,South India,Kochi,Online Pharmacy,1533,2726.48,4179695.94,1784122.3,2395573.64,377938.47,57.31
2023,Q3,2023-Q3,Immuflex,Immunology,West India,Pune,Online Pharmacy,2074,2842.62,5895599.67,2904052.47,2991547.2,825767.8,50.74
2023,Q3,2023-Q3,Immuflex,Immunology,East India,Patna,Clinic,2156,2773.95,5980640.8,2892967.54,3087673.26,480198.23,51.63
2023,Q3,2023-Q3,Immuflex,Immunology,Central India,Nagpur,Retail Pharmacy,1630,2914.07,4749928.31,1832657.71,2917270.6,603070.74,61.42
2023,Q3,2023-Q3,Rheumastat,Immunology,North India,Delhi,Hospital,2403,1696.82,4077451.49,1800671.94,2276779.55,440643.34,55.84
2023,Q3,2023-Q3,Rheumastat,Immunology,South India,Kochi,Retail Pharmacy,2352,1663.46,3912466.19,1373860.96,2538605.23,398707.23,64.89
2023,Q3,2023-Q3,Rheumastat,Immunology,West India,Ahmedabad,Online Pharmacy,2108,1743.5,3675296.09,1528117.45,2147178.64,374332.52,58.42
2023,Q3,2023-Q3,Rheumastat,Immunology,East India,Bhubaneswar,Hospital,2935,1805.42,5298905.88,2080797.39,3218108.49,857472.48,60.73
2023,Q3,2023-Q3,Rheumastat,Immunology,Central India,Nagpur,Hospital,1047,1815.49,1900816.92,806007.18,1094809.74,285551.89,57.6
2023,Q3,2023-Q3,Pulmocare,Respiratory,North India,Lucknow,Retail Pharmacy,4290,869.95,3732090.24,1527120.61,2204969.63,455997.3,59.08
2023,Q3,2023-Q3,Pulmocare,Respiratory,South India,Kochi,Online Pharmacy,4446,868.48,3861250.61,1742162.21,2119088.4,423474.03,54.88
2023,Q3,2023-Q3,Pulmocare,Respiratory,West India,Pune,Clinic,1985,922.3,1830758.28,641343.14,1189415.14,277830.77,64.97
2023,Q3,2023-Q3,Pulmocare,Respiratory,East India,Patna,Hospital,2833,923.07,2615063.54,1015963.0,1599100.54,383183.2,61.15
2023,Q3,2023-Q3,Pulmocare,Respiratory,Central India,Nagpur,Retail Pharmacy,1485,853.71,1267764.32,557116.78,710647.54,171095.4,56.06
2023,Q3,2023-Q3,Hepazone,Hepatology,North India,Delhi,Hospital,4166,2192.76,9135048.16,4113383.35,5021664.81,1350772.13,54.97
2023,Q3,2023-Q3,Hepazone,Hepatology,South India,Chennai,Online Pharmacy,4384,1997.13,8755407.17,3899784.49,4855622.68,1500052.48,55.46
2023,Q3,2023-Q3,Hepazone,Hepatology,West India,Mumbai,Hospital,2363,2147.03,5073442.15,1867451.68,3205990.47,863729.84,63.19
2023,Q3,2023-Q3,Hepazone,Hepatology,East India,Bhubaneswar,Online Pharmacy,2149,2140.93,4600848.47,1977784.7,2623063.77,574578.37,57.01
2023,Q3,2023-Q3,Hepazone,Hepatology,Central India,Raipur,Retail Pharmacy,2324,2020.83,4696410.53,2037285.79,2659124.74,536878.32,56.62
2023,Q4,2023-Q4,Oncovir,Oncology,North India,Lucknow,Online Pharmacy,4344,4152.7,18039350.02,8618771.84,9420578.18,2171753.5,52.22
2023,Q4,2023-Q4,Oncovir,Oncology,South India,Hyderabad,Hospital,5086,4321.37,21978506.98,9164222.61,12814284.37,3513001.35,58.3
2023,Q4,2023-Q4,Oncovir,Oncology,West India,Ahmedabad,Retail Pharmacy,3226,4171.01,13455690.49,5353077.65,8102612.84,1859843.85,60.22
2023,Q4,2023-Q4,Oncovir,Oncology,East India,Bhubaneswar,Hospital,2520,4286.35,10801592.08,4895937.76,5905654.32,1268704.12,54.67
2023,Q4,2023-Q4,Oncovir,Oncology,Central India,Indore,Hospital,988,4049.89,4001290.87,1934682.38,2066608.49,458498.9,51.65
2023,Q4,2023-Q4,Cardilux,Cardiology,North India,Jaipur,Hospital,2841,993.42,2822296.07,1131996.49,1690299.58,246022.9,59.89
2023,Q4,2023-Q4,Cardilux,Cardiology,South India,Chennai,Retail Pharmacy,4740,1014.02,4806453.24,2065154.17,2741299.07,789086.66,57.03
2023,Q4,2023-Q4,Cardilux,Cardiology,West India,Surat,Clinic,2825,941.32,2659216.01,997482.46,1661733.55,471219.79,62.49
2023,Q4,2023-Q4,Cardilux,Cardiology,East India,Bhubaneswar,Hospital,1612,983.13,1584801.44,586960.31,997841.13,142521.54,62.96
2023,Q4,2023-Q4,Cardilux,Cardiology,Central India,Bhopal,Hospital,2522,969.75,2445715.95,970902.61,1474813.34,231624.43,60.3
2023,Q4,2023-Q4,Neuromab,Neurology,North India,Delhi,Hospital,4925,2981.0,14681440.16,7243643.82,7437796.34,1635463.57,50.66
2023,Q4,2023-Q4,Neuromab,Neurology,South India,Bengaluru,Retail Pharmacy,2858,3201.28,9149256.19,4552687.95,4596568.24,995810.02,50.24
2023,Q4,2023-Q4,Neuromab,Neurology,West India,Ahmedabad,Hospital,4736,3064.51,14513513.16,5820761.51,8692751.65,1946853.7,59.89
2023,Q4,2023-Q4,Neuromab,Neurology,East India,Kolkata,Retail Pharmacy,3546,3112.93,11038444.43,5124987.17,5913457.26,1803295.43,53.57
2023,Q4,2023-Q4,Neuromab,Neurology,Central India,Raipur,Hospital,2669,3025.39,8074776.1,3061903.22,5012872.88,692531.22,62.08
2023,Q4,2023-Q4,Diabequil,Diabetes,North India,Chandigarh,Retail Pharmacy,3908,586.12,2290554.51,993313.45,1297241.06,262790.06,56.63
2023,Q4,2023-Q4,Diabequil,Diabetes,South India,Kochi,Retail Pharmacy,3079,567.07,1746005.83,739144.81,1006861.02,209831.28,57.67
2023,Q4,2023-Q4,Diabequil,Diabetes,West India,Mumbai,Online Pharmacy,5108,550.25,2810657.05,1317855.84,1492801.21,354549.07,53.11
2023,Q4,2023-Q4,Diabequil,Diabetes,East India,Patna,Hospital,2735,579.74,1585597.75,724035.79,861561.96,270652.47,54.34
2023,Q4,2023-Q4,Diabequil,Diabetes,Central India,Raipur,Clinic,2378,565.55,1344879.69,542012.22,802867.47,169248.59,59.7
2023,Q4,2023-Q4,Immuflex,Immunology,North India,Chandigarh,Hospital,3832,2694.95,10327047.74,4844744.42,5482303.32,1110950.3,53.09
2023,Q4,2023-Q4,Immuflex,Immunology,South India,Chennai,Hospital,4336,2701.66,11714410.21,4913039.35,6801370.86,2086321.67,58.06
2023,Q4,2023-Q4,Immuflex,Immunology,West India,Surat,Online Pharmacy,2390,2824.84,6751379.13,2743081.87,4008297.26,733053.64,59.37
2023,Q4,2023-Q4,Immuflex,Immunology,East India,Kolkata,Retail Pharmacy,1555,2829.61,4400045.86,2146387.28,2253658.58,511403.29,51.22
2023,Q4,2023-Q4,Immuflex,Immunology,Central India,Nagpur,Online Pharmacy,1080,2784.17,3006901.04,1323991.29,1682909.75,418382.24,55.97
2023,Q4,2023-Q4,Rheumastat,Immunology,North India,Lucknow,Clinic,4417,1811.94,8003353.75,3328374.51,4674979.24,1318127.44,58.41
2023,Q4,2023-Q4,Rheumastat,Immunology,South India,Kochi,Hospital,3869,1740.96,6735758.12,2873237.81,3862520.31,960918.21,57.34
2023,Q4,2023-Q4,Rheumastat,Immunology,West India,Ahmedabad,Online Pharmacy,3353,1745.95,5854162.33,2652862.29,3201300.04,891417.37,54.68
2023,Q4,2023-Q4,Rheumastat,Immunology,East India,Bhubaneswar,Retail Pharmacy,1200,1775.28,2130338.76,1007585.62,1122753.14,241454.15,52.7
2023,Q4,2023-Q4,Rheumastat,Immunology,Central India,Raipur,Hospital,1049,1801.34,1889609.81,942125.26,947484.55,189084.0,50.14
2023,Q4,2023-Q4,Pulmocare,Respiratory,North India,Chandigarh,Online Pharmacy,2224,846.77,1883225.51,867565.13,1015660.38,307746.28,53.93
2023,Q4,2023-Q4,Pulmocare,Respiratory,South India,Hyderabad,Hospital,1695,912.56,1546780.87,719776.56,827004.31,225604.26,53.47
2023,Q4,2023-Q4,Pulmocare,Respiratory,West India,Ahmedabad,Online Pharmacy,2330,900.11,2097258.09,761914.37,1335343.72,270048.78,63.67
2023,Q4,2023-Q4,Pulmocare,Respiratory,East India,Bhubaneswar,Hospital,1574,847.68,1334248.89,528256.62,805992.27,180007.57,60.41
2023,Q4,2023-Q4,Pulmocare,Respiratory,Central India,Bhopal,Online Pharmacy,3451,851.94,2940031.71,1450221.45,1489810.26,388841.71,50.67
2023,Q4,2023-Q4,Hepazone,Hepatology,North India,Jaipur,Retail Pharmacy,4114,2100.13,8639939.33,4053663.68,4586275.65,1302113.57,53.08
2023,Q4,2023-Q4,Hepazone,Hepatology,South India,Kochi,Hospital,4141,2079.6,8611637.64,3395513.38,5216124.26,889051.97,60.57
2023,Q4,2023-Q4,Hepazone,Hepatology,West India,Ahmedabad,Retail Pharmacy,3527,2190.14,7724616.34,3173005.15,4551611.19,1317905.29,58.92
2023,Q4,2023-Q4,Hepazone,Hepatology,East India,Kolkata,Retail Pharmacy,3236,2200.59,7121096.41,3137013.62,3984082.79,824490.57,55.95
2023,Q4,2023-Q4,Hepazone,Hepatology,Central India,Nagpur,Online Pharmacy,3528,2181.62,7696749.74,3274679.1,4422070.64,961593.23,57.45
2024,Q1,2024-Q1,Oncovir,Oncology,North India,Chandigarh,Online Pharmacy,3551,4020.15,14275537.87,6458147.45,7817390.42,1487413.52,54.76
2024,Q1,2024-Q1,Oncovir,Oncology,South India,Kochi,Hospital,1376,4327.66,5954863.7,2577712.49,3377151.21,786143.18,56.71
2024,Q1,2024-Q1,Oncovir,Oncology,West India,Mumbai,Clinic,3550,4158.61,14763055.44,5518335.96,9244719.48,2483134.37,62.62
2024,Q1,2024-Q1,Oncovir,Oncology,East India,Ranchi,Retail Pharmacy,2207,4104.05,9057637.82,3716955.62,5340682.2,817676.67,58.96
2024,Q1,2024-Q1,Oncovir,Oncology,Central India,Nagpur,Retail Pharmacy,2866,4105.99,11767770.82,5366650.38,6401120.44,1015193.38,54.4
2024,Q1,2024-Q1,Cardilux,Cardiology,North India,Chandigarh,Retail Pharmacy,2509,939.11,2356217.24,1153681.97,1202535.27,383289.31,51.04
2024,Q1,2024-Q1,Cardilux,Cardiology,South India,Bengaluru,Hospital,4436,1015.92,4506628.67,1963859.77,2542768.9,769371.57,56.42
2024,Q1,2024-Q1,Cardilux,Cardiology,West India,Ahmedabad,Retail Pharmacy,1546,967.98,1496492.7,740182.89,756309.81,133081.53,50.54
2024,Q1,2024-Q1,Cardilux,Cardiology,East India,Bhubaneswar,Hospital,3196,968.99,3096890.71,1377827.68,1719063.03,465728.11,55.51
2024,Q1,2024-Q1,Cardilux,Cardiology,Central India,Bhopal,Hospital,1136,996.31,1131803.36,560137.55,571665.81,176678.78,50.51
2024,Q1,2024-Q1,Neuromab,Neurology,North India,Delhi,Retail Pharmacy,2366,3037.4,7186479.37,2628848.21,4557631.16,1136774.46,63.42
2024,Q1,2024-Q1,Neuromab,Neurology,South India,Kochi,Clinic,2766,3056.62,8454598.87,4172513.4,4282085.47,1099437.01,50.65
2024,Q1,2024-Q1,Neuromab,Neurology,West India,Mumbai,Retail Pharmacy,3596,3009.75,10823074.11,4386657.69,6436416.42,1266097.56,59.47
2024,Q1,2024-Q1,Neuromab,Neurology,East India,Ranchi,Online Pharmacy,2135,3074.12,6563238.46,3106557.86,3456680.6,1083162.75,52.67
2024,Q1,2024-Q1,Neuromab,Neurology,Central India,Indore,Hospital,2507,3171.45,7950834.86,3555271.27,4395563.59,1269144.54,55.28
2024,Q1,2024-Q1,Diabequil,Diabetes,North India,Lucknow,Retail Pharmacy,1428,554.11,791262.12,387418.63,403843.49,73249.05,51.04
2024,Q1,2024-Q1,Diabequil,Diabetes,South India,Bengaluru,Hospital,2809,554.13,1556543.67,711310.93,845232.74,155532.22,54.3
2024,Q1,2024-Q1,Diabequil,Diabetes,West India,Surat,Hospital,1603,552.6,885811.41,317752.77,568058.64,80742.79,64.13
2024,Q1,2024-Q1,Diabequil,Diabetes,East India,Bhubaneswar,Retail Pharmacy,3373,570.53,1924399.34,743363.39,1181035.95,329277.95,61.37
2024,Q1,2024-Q1,Diabequil,Diabetes,Central India,Bhopal,Hospital,1315,555.16,730040.65,309485.9,420554.75,87918.05,57.61
2024,Q1,2024-Q1,Immuflex,Immunology,North India,Delhi,Clinic,2501,2662.78,6659609.45,2794467.18,3865142.27,1174421.62,58.04
2024,Q1,2024-Q1,Immuflex,Immunology,South India,Kochi,Hospital,1483,2876.72,4266172.18,1987772.68,2278399.5,563687.64,53.41
2024,Q1,2024-Q1,Immuflex,Immunology,West India,Pune,Online Pharmacy,3885,2875.64,11171878.1,5262773.83,5909104.27,1028044.3,52.89
2024,Q1,2024-Q1,Immuflex,Immunology,East India,Bhubaneswar,Retail Pharmacy,2976,2742.13,8160568.2,3802590.42,4357977.78,1075530.68,53.4
2024,Q1,2024-Q1,Immuflex,Immunology,Central India,Indore,Retail Pharmacy,3141,2660.38,8356250.49,3300468.92,5055781.57,1208697.16,60.5
2024,Q1,2024-Q1,Rheumastat,Immunology,North India,Lucknow,Online Pharmacy,1643,1666.63,2738271.64,1327470.53,1410801.11,433522.73,51.52
2024,Q1,2024-Q1,Rheumastat,Immunology,South India,Hyderabad,Hospital,3040,1715.51,5215151.17,1876694.2,3338456.97,536240.29,64.01
2024,Q1,2024-Q1,Rheumastat,Immunology,West India,Pune,Retail Pharmacy,2950,1672.95,4935203.64,2224524.99,2710678.65,682148.17,54.93
2024,Q1,2024-Q1,Rheumastat,Immunology,East India,Ranchi,Clinic,3079,1835.98,5652989.76,2440239.37,3212750.39,996491.14,56.83
2024,Q1,2024-Q1,Rheumastat,Immunology,Central India,Indore,Online Pharmacy,2584,1701.94,4397817.41,1668421.82,2729395.59,413747.96,62.06
2024,Q1,2024-Q1,Pulmocare,Respiratory,North India,Chandigarh,Online Pharmacy,1872,917.69,1717915.71,765147.99,952767.72,204116.85,55.46
2024,Q1,2024-Q1,Pulmocare,Respiratory,South India,Kochi,Retail Pharmacy,3024,929.82,2811770.17,1126398.0,1685372.17,428789.66,59.94
2024,Q1,2024-Q1,Pulmocare,Respiratory,West India,Mumbai,Online Pharmacy,2303,851.04,1959936.11,729283.32,1230652.79,158331.79,62.79
2024,Q1,2024-Q1,Pulmocare,Respiratory,East India,Ranchi,Hospital,2779,882.49,2452445.7,969421.14,1483024.56,382848.43,60.47
2024,Q1,2024-Q1,Pulmocare,Respiratory,Central India,Indore,Retail Pharmacy,2615,852.29,2228726.03,871890.04,1356835.99,358148.58,60.88
2024,Q1,2024-Q1,Hepazone,Hepatology,North India,Chandigarh,Retail Pharmacy,4060,2091.31,8490700.61,3686077.79,4804622.82,1412819.96,56.59
2024,Q1,2024-Q1,Hepazone,Hepatology,South India,Kochi,Hospital,2292,2172.17,4978605.46,2475257.48,2503347.98,793162.98,50.28
2024,Q1,2024-Q1,Hepazone,Hepatology,West India,Ahmedabad,Hospital,3730,2017.87,7526646.13,3352976.32,4173669.81,977136.3,55.45
2024,Q1,2024-Q1,Hepazone,Hepatology,East India,Ranchi,Online Pharmacy,2506,2049.5,5136056.46,2134285.09,3001771.37,715740.76,58.45
2024,Q1,2024-Q1,Hepazone,Hepatology,Central India,Raipur,Hospital,3077,2201.05,6772622.68,2563547.05,4209075.63,1078604.58,62.15
2024,Q2,2024-Q2,Oncovir,Oncology,North India,Lucknow,Hospital,3386,4393.26,14875568.05,6370000.07,8505567.98,2643846.47,57.18
2024,Q2,2024-Q2,Oncovir,Oncology,South India,Bengaluru,Hospital,1417,4314.7,6113926.21,2424171.68,3689754.53,630981.54,60.35
2024,Q2,2024-Q2,Oncovir,Oncology,West India,Ahmedabad,Retail Pharmacy,1662,4393.27,7301615.52,3391869.55,3909745.97,1208568.5,53.55
2024,Q2,2024-Q2,Oncovir,Oncology,East India,Ranchi,Hospital,3693,4319.46,15951753.82,6485150.92,9466602.9,2156661.65,59.35
2024,Q2,2024-Q2,Oncovir,Oncology,Central India,Raipur,Retail Pharmacy,3046,4329.39,13187331.99,4967446.66,8219885.33,1733716.93,62.33
2024,Q2,2024-Q2,Cardilux,Cardiology,North India,Jaipur,Hospital,1854,978.13,1813447.89,814900.2,998547.69,166565.66,55.06
2024,Q2,2024-Q2,Cardilux,Cardiology,South India,Hyderabad,Hospital,2574,1024.58,2637256.06,1118727.39,1518528.67,346197.94,57.58
2024,Q2,2024-Q2,Cardilux,Cardiology,West India,Ahmedabad,Hospital,2999,939.89,2818732.29,1000347.49,1818384.8,241763.49,64.51
2024,Q2,2024-Q2,Cardilux,Cardiology,East India,Patna,Retail Pharmacy,1356,1028.26,1394319.67,568810.58,825509.09,191557.39,59.21
2024,Q2,2024-Q2,Cardilux,Cardiology,Central India,Bhopal,Retail Pharmacy,3535,1019.42,3603646.76,1735528.32,1868118.44,639421.08,51.84
2024,Q2,2024-Q2,Neuromab,Neurology,North India,Lucknow,Retail Pharmacy,3011,2957.07,8903732.62,3164411.71,5739320.91,868311.39,64.46
2024,Q2,2024-Q2,Neuromab,Neurology,South India,Chennai,Retail Pharmacy,4847,3239.64,15702546.44,6865833.91,8836712.53,1941799.17,56.28
2024,Q2,2024-Q2,Neuromab,Neurology,West India,Ahmedabad,Retail Pharmacy,3257,3054.45,9948329.39,4816126.98,5132202.41,1737432.47,51.59
2024,Q2,2024-Q2,Neuromab,Neurology,East India,Ranchi,Retail Pharmacy,1594,3186.91,5079939.81,2140942.46,2938997.35,659142.43,57.85
2024,Q2,2024-Q2,Neuromab,Neurology,Central India,Indore,Hospital,2616,3047.79,7973005.71,3813126.1,4159879.61,802942.12,52.17
2024,Q2,2024-Q2,Diabequil,Diabetes,North India,Delhi,Hospital,4383,584.68,2562669.68,1091794.83,1470874.85,309932.36,57.4
2024,Q2,2024-Q2,Diabequil,Diabetes,South India,Kochi,Online Pharmacy,4885,550.6,2689694.18,1221236.03,1468458.15,422583.99,54.6
2024,Q2,2024-Q2,Diabequil,Diabetes,West India,Pune,Online Pharmacy,1835,581.05,1066225.75,459398.49,606827.26,115416.0,56.91
2024,Q2,2024-Q2,Diabequil,Diabetes,East India,Patna,Clinic,2101,539.16,1132776.3,526550.69,606225.61,90623.42,53.52
2024,Q2,2024-Q2,Diabequil,Diabetes,Central India,Nagpur,Hospital,2566,535.06,1372962.75,680936.97,692025.78,140883.19,50.4
2024,Q2,2024-Q2,Immuflex,Immunology,North India,Chandigarh,Hospital,1633,2724.52,4449135.71,1558181.08,2890954.63,680426.25,64.98
2024,Q2,2024-Q2,Immuflex,Immunology,South India,Kochi,Hospital,4098,2839.38,11635770.9,4798494.01,6837276.89,1814096.9,58.76
2024,Q2,2024-Q2,Immuflex,Immunology,West India,Pune,Hospital,2812,2859.53,8041009.53,3799513.06,4241496.47,789316.73,52.75
2024,Q2,2024-Q2,Immuflex,Immunology,East India,Bhubaneswar,Hospital,3425,2773.61,9499615.37,3639048.68,5860566.69,1484298.64,61.69
2024,Q2,2024-Q2,Immuflex,Immunology,Central India,Bhopal,Retail Pharmacy,1278,2681.97,3427554.63,1479588.08,1947966.55,517327.96,56.83
2024,Q2,2024-Q2,Rheumastat,Immunology,North India,Lucknow,Hospital,1701,1764.66,3001687.06,1479331.24,1522355.82,252868.81,50.72
2024,Q2,2024-Q2,Rheumastat,Immunology,South India,Hyderabad,Hospital,4184,1714.4,7173041.17,3279253.5,3893787.67,1118280.91,54.28
2024,Q2,2024-Q2,Rheumastat,Immunology,West India,Pune,Online Pharmacy,3395,1751.56,5946532.1,2410677.23,3535854.87,1030489.33,59.46
2024,Q2,2024-Q2,Rheumastat,Immunology,East India,Ranchi,Hospital,3431,1803.12,6186489.86,2278512.51,3907977.35,572327.8,63.17
2024,Q2,2024-Q2,Rheumastat,Immunology,Central India,Nagpur,Online Pharmacy,1865,1671.58,3117499.83,1157607.39,1959892.44,315925.36,62.87
2024,Q2,2024-Q2,Pulmocare,Respiratory,North India,Jaipur,Clinic,3777,856.08,3233413.48,1502592.7,1730820.78,475653.0,53.53
2024,Q2,2024-Q2,Pulmocare,Respiratory,South India,Hyderabad,Clinic,1517,873.27,1324745.4,559539.42,765205.98,173100.86,57.76
2024,Q2,2024-Q2,Pulmocare,Respiratory,West India,Surat,Online Pharmacy,4614,846.93,3907732.74,1826183.9,2081548.84,361224.11,53.27
2024,Q2,2024-Q2,Pulmocare,Respiratory,East India,Bhubaneswar,Online Pharmacy,2646,920.55,2435779.93,888151.49,1547628.44,331017.78,63.54
2024,Q2,2024-Q2,Pulmocare,Respiratory,Central India,Nagpur,Online Pharmacy,2139,931.57,1992619.97,712860.41,1279759.56,259996.18,64.22
2024,Q2,2024-Q2,Hepazone,Hepatology,North India,Lucknow,Retail Pharmacy,2906,2032.64,5906862.53,2776228.47,3130634.06,799025.47,53.0
2024,Q2,2024-Q2,Hepazone,Hepatology,South India,Kochi,Hospital,4005,2164.85,8670207.82,3915230.56,4754977.26,1235529.92,54.84
2024,Q2,2024-Q2,Hepazone,Hepatology,West India,Pune,Online Pharmacy,2835,2100.32,5954402.23,2147358.32,3807043.91,662643.49,63.94
2024,Q2,2024-Q2,Hepazone,Hepatology,East India,Patna,Retail Pharmacy,1762,2126.88,3747560.11,1450779.87,2296780.24,360820.73,61.29
2024,Q2,2024-Q2,Hepazone,Hepatology,Central India,Nagpur,Retail Pharmacy,3252,2069.12,6728782.42,2982155.1,3746627.32,763077.55,55.68
2024,Q3,2024-Q3,Oncovir,Oncology,North India,Delhi,Online Pharmacy,4790,4093.8,19609279.26,7909956.04,11699323.22,1733302.5,59.66
2024,Q3,2024-Q3,Oncovir,Oncology,South India,Hyderabad,Retail Pharmacy,3991,4076.27,16268387.95,6624750.41,9643637.54,2899107.32,59.28
2024,Q3,2024-Q3,Oncovir,Oncology,West India,Surat,Retail Pharmacy,1709,4073.58,6961742.58,2873459.8,4088282.78,1079724.36,58.72
2024,Q3,2024-Q3,Oncovir,Oncology,East India,Ranchi,Clinic,3306,4106.05,13574614.61,5630788.68,7943825.93,2416781.95,58.52
2024,Q3,2024-Q3,Oncovir,Oncology,Central India,Bhopal,Retail Pharmacy,1195,4065.33,4858073.13,2407668.24,2450404.89,443689.52,50.44
2024,Q3,2024-Q3,Cardilux,Cardiology,North India,Chandigarh,Retail Pharmacy,3701,972.43,3598953.83,1446702.51,2152251.32,431015.17,59.8
2024,Q3,2024-Q3,Cardilux,Cardiology,South India,Bengaluru,Retail Pharmacy,5171,978.34,5058985.23,1974421.08,3084564.15,550145.25,60.97
2024,Q3,2024-Q3,Cardilux,Cardiology,West India,Pune,Retail Pharmacy,1606,990.16,1590191.25,574928.75,1015262.5,139234.54,63.85
2024,Q3,2024-Q3,Cardilux,Cardiology,East India,Bhubaneswar,Hospital,2211,999.19,2209205.01,925001.5,1284203.51,197082.13,58.13
2024,Q3,2024-Q3,Cardilux,Cardiology,Central India,Bhopal,Hospital,2337,955.59,2233208.03,1008078.91,1225129.12,336461.79,54.86
2024,Q3,2024-Q3,Neuromab,Neurology,North India,Jaipur,Retail Pharmacy,3661,3029.04,11089314.85,4875419.96,6213894.89,1847585.91,56.03
2024,Q3,2024-Q3,Neuromab,Neurology,South India,Hyderabad,Hospital,4931,2993.0,14758467.57,7256892.57,7501575.0,2267690.53,50.83
2024,Q3,2024-Q3,Neuromab,Neurology,West India,Surat,Hospital,3491,3127.15,10916886.31,4969049.39,5947836.92,1615821.32,54.48
2024,Q3,2024-Q3,Neuromab,Neurology,East India,Ranchi,Retail Pharmacy,1390,3125.71,4344732.84,1685605.28,2659127.56,543202.07,61.2
2024,Q3,2024-Q3,Neuromab,Neurology,Central India,Nagpur,Hospital,3454,3003.45,10373907.97,4677274.29,5696633.68,1843450.66,54.91
2024,Q3,2024-Q3,Diabequil,Diabetes,North India,Delhi,Retail Pharmacy,4229,556.28,2352510.81,856064.15,1496446.66,364259.09,63.61
2024,Q3,2024-Q3,Diabequil,Diabetes,South India,Bengaluru,Online Pharmacy,2047,546.49,1118660.63,464423.7,654236.93,170422.11,58.48
2024,Q3,2024-Q3,Diabequil,Diabetes,West India,Pune,Clinic,2796,566.34,1583498.76,705691.35,877807.41,165004.07,55.43
2024,Q3,2024-Q3,Diabequil,Diabetes,East India,Ranchi,Hospital,3649,543.16,1981987.7,954565.92,1027421.78,304973.04,51.84
2024,Q3,2024-Q3,Diabequil,Diabetes,Central India,Raipur,Hospital,3391,532.89,1807014.86,653365.57,1153649.29,309210.65,63.84
2024,Q3,2024-Q3,Immuflex,Immunology,North India,Lucknow,Retail Pharmacy,3452,2827.19,9759448.89,4286549.85,5472899.04,1144002.98,56.08
2024,Q3,2024-Q3,Immuflex,Immunology,South India,Bengaluru,Online Pharmacy,4167,2767.32,11531420.72,4889612.39,6641808.33,1249204.3,57.6
2024,Q3,2024-Q3,Immuflex,Immunology,West India,Surat,Hospital,4708,2803.81,13200342.63,5121780.14,8078562.49,2359771.91,61.2
2024,Q3,2024-Q3,Immuflex,Immunology,East India,Ranchi,Hospital,1629,2779.7,4528129.32,1724912.12,2803217.2,724373.34,61.91
2024,Q3,2024-Q3,Immuflex,Immunology,Central India,Raipur,Hospital,3005,2900.75,8716755.78,3096637.84,5620117.94,1383674.58,64.47
2024,Q3,2024-Q3,Rheumastat,Immunology,North India,Chandigarh,Retail Pharmacy,1877,1774.14,3330064.53,1581935.4,1748129.13,432719.16,52.5
2024,Q3,2024-Q3,Rheumastat,Immunology,South India,Chennai,Retail Pharmacy,4165,1799.7,7495741.29,3095054.86,4400686.43,974506.42,58.71
2024,Q3,2024-Q3,Rheumastat,Immunology,West India,Surat,Retail Pharmacy,3419,1715.18,5864210.89,2494604.15,3369606.74,502079.71,57.46
2024,Q3,2024-Q3,Rheumastat,Immunology,East India,Bhubaneswar,Hospital,2050,1787.27,3663899.4,1288680.88,2375218.52,442883.83,64.83
2024,Q3,2024-Q3,Rheumastat,Immunology,Central India,Bhopal,Hospital,2157,1752.87,3780949.8,1769402.68,2011547.12,658842.34,53.2
2024,Q3,2024-Q3,Pulmocare,Respiratory,North India,Chandigarh,Online Pharmacy,3908,885.21,3459408.14,1628954.62,1830453.52,279507.86,52.91
2024,Q3,2024-Q3,Pulmocare,Respiratory,South India,Kochi,Hospital,2713,893.16,2423154.72,977822.64,1445332.08,279580.96,59.65
2024,Q3,2024-Q3,Pulmocare,Respiratory,West India,Surat,Online Pharmacy,4336,872.89,3784867.64,1843488.92,1941378.72,663417.28,51.29
2024,Q3,2024-Q3,Pulmocare,Respiratory,East India,Ranchi,Retail Pharmacy,2528,890.5,2251187.64,1105711.61,1145476.03,377370.96,50.88
2024,Q3,2024-Q3,Pulmocare,Respiratory,Central India,Nagpur,Clinic,2184,894.75,1954134.08,831425.17,1122708.91,194214.17,57.45
2024,Q3,2024-Q3,Hepazone,Hepatology,North India,Chandigarh,Online Pharmacy,1431,2170.96,3106644.85,1487507.04,1619137.81,481019.17,52.12
2024,Q3,2024-Q3,Hepazone,Hepatology,South India,Hyderabad,Hospital,3701,2091.43,7740381.46,3186436.71,4553944.75,1178031.28,58.83
2024,Q3,2024-Q3,Hepazone,Hepatology,West India,Surat,Hospital,4622,2085.22,9637876.69,4443966.37,5193910.32,1602752.29,53.89
2024,Q3,2024-Q3,Hepazone,Hepatology,East India,Kolkata,Online Pharmacy,3071,2028.89,6230709.48,2258838.74,3971870.74,510375.46,63.75
2024,Q3,2024-Q3,Hepazone,Hepatology,Central India,Raipur,Online Pharmacy,1550,2045.72,3170870.24,1278306.85,1892563.39,287073.31,59.69
2024,Q4,2024-Q4,Oncovir,Oncology,North India,Jaipur,Hospital,3821,4245.26,16221123.66,6274376.82,9946746.84,1391337.94,61.32
2024,Q4,2024-Q4,Oncovir,Oncology,South India,Chennai,Hospital,5988,4082.21,24444289.33,12074975.88,12369313.45,3462045.89,50.6
2024,Q4,2024-Q4,Oncovir,Oncology,West India,Mumbai,Retail Pharmacy,1585,4275.17,6776145.98,2790279.43,3985866.55,1052738.4,58.82
2024,Q4,2024-Q4,Oncovir,Oncology,East India,Kolkata,Retail Pharmacy,3376,4219.61,14245395.96,6215428.77,8029967.19,1171173.09,56.37
2024,Q4,2024-Q4,Oncovir,Oncology,Central India,Raipur,Hospital,3098,4198.2,13006009.89,6372542.77,6633467.12,1611568.92,51.0
2024,Q4,2024-Q4,Cardilux,Cardiology,North India,Jaipur,Retail Pharmacy,1616,942.2,1522595.21,707580.67,815014.54,225176.26,53.53
2024,Q4,2024-Q4,Cardilux,Cardiology,South India,Chennai,Retail Pharmacy,3271,1007.1,3294210.86,1455054.55,1839156.31,545952.5,55.83
2024,Q4,2024-Q4,Cardilux,Cardiology,West India,Ahmedabad,Retail Pharmacy,5479,998.49,5470704.24,2122583.23,3348121.01,443115.43,61.2
2024,Q4,2024-Q4,Cardilux,Cardiology,East India,Ranchi,Retail Pharmacy,3849,1012.94,3898804.27,1844946.36,2053857.91,640700.71,52.68
2024,Q4,2024-Q4,Cardilux,Cardiology,Central India,Raipur,Hospital,2776,975.23,2707229.66,1022023.4,1685206.26,448039.48,62.25
2024,Q4,2024-Q4,Neuromab,Neurology,North India,Delhi,Retail Pharmacy,1742,2968.47,5171069.37,2110695.62,3060373.75,829200.45,59.18
2024,Q4,2024-Q4,Neuromab,Neurology,South India,Bengaluru,Hospital,2005,2965.76,5946352.45,2863778.61,3082573.84,707262.1,51.84
2024,Q4,2024-Q4,Neuromab,Neurology,West India,Mumbai,Online Pharmacy,2968,3114.13,9242742.01,4596009.86,4646732.15,1155785.08,50.27
2024,Q4,2024-Q4,Neuromab,Neurology,East India,Kolkata,Online Pharmacy,1935,3254.13,6296734.83,2731894.4,3564840.43,705966.08,56.61
2024,Q4,2024-Q4,Neuromab,Neurology,Central India,Raipur,Hospital,1380,3060.49,4223469.73,1521745.93,2701723.8,493966.12,63.97
2024,Q4,2024-Q4,Diabequil,Diabetes,North India,Lucknow,Hospital,5468,532.47,2911537.03,1114099.96,1797437.07,425574.79,61.73
2024,Q4,2024-Q4,Diabequil,Diabetes,South India,Hyderabad,Hospital,2968,577.05,1712689.45,797978.73,914710.72,230942.33,53.41
2024,Q4,2024-Q4,Diabequil,Diabetes,West India,Mumbai,Retail Pharmacy,2033,562.69,1143948.39,489794.06,654154.33,131577.29,57.18
2024,Q4,2024-Q4,Diabequil,Diabetes,East India,Ranchi,Retail Pharmacy,2957,566.75,1675869.5,773142.25,902727.25,162539.4,53.87
2024,Q4,2024-Q4,Diabequil,Diabetes,Central India,Nagpur,Hospital,3742,574.0,2147903.35,1044384.22,1103519.13,334796.99,51.38
2024,Q4,2024-Q4,Immuflex,Immunology,North India,Lucknow,Retail Pharmacy,3078,2908.96,8953766.01,3911193.14,5042572.87,1282529.68,56.32
2024,Q4,2024-Q4,Immuflex,Immunology,South India,Chennai,Hospital,1722,2768.14,4766735.97,2089144.74,2677591.23,469701.19,56.17
2024,Q4,2024-Q4,Immuflex,Immunology,West India,Mumbai,Hospital,4709,2903.22,13671258.74,6270345.53,7400913.21,2113239.44,54.13
2024,Q4,2024-Q4,Immuflex,Immunology,East India,Ranchi,Hospital,1701,2890.11,4916081.64,2206959.89,2709121.75,784725.33,55.11
2024,Q4,2024-Q4,Immuflex,Immunology,Central India,Indore,Retail Pharmacy,1425,2838.29,4044567.93,1869540.55,2175027.38,414585.15,53.78
2024,Q4,2024-Q4,Rheumastat,Immunology,North India,Chandigarh,Hospital,1774,1743.55,3093048.96,1211759.56,1881289.4,449948.64,60.82
2024,Q4,2024-Q4,Rheumastat,Immunology,South India,Bengaluru,Hospital,3582,1806.29,6470125.01,2712460.41,3757664.6,1153821.05,58.08
2024,Q4,2024-Q4,Rheumastat,Immunology,West India,Surat,Hospital,1944,1688.86,3283136.88,1256077.72,2027059.16,414985.26,61.74
2024,Q4,2024-Q4,Rheumastat,Immunology,East India,Bhubaneswar,Hospital,1750,1817.98,3181467.13,1506898.83,1674568.3,454962.49,52.64
2024,Q4,2024-Q4,Rheumastat,Immunology,Central India,Bhopal,Retail Pharmacy,2801,1819.64,5096800.04,2462864.14,2633935.9,573538.13,51.68
2024,Q4,2024-Q4,Pulmocare,Respiratory,North India,Delhi,Retail Pharmacy,1627,918.96,1495151.16,712784.46,782366.7,156842.66,52.33
2024,Q4,2024-Q4,Pulmocare,Respiratory,South India,Chennai,Online Pharmacy,4792,853.95,4092117.36,2045378.95,2046738.41,461034.0,50.02
2024,Q4,2024-Q4,Pulmocare,Respiratory,West India,Ahmedabad,Online Pharmacy,4408,934.29,4118345.55,1590605.84,2527739.71,346085.51,61.38
2024,Q4,2024-Q4,Pulmocare,Respiratory,East India,Kolkata,Hospital,2633,924.86,2435162.35,1162490.13,1272672.22,293683.45,52.26
2024,Q4,2024-Q4,Pulmocare,Respiratory,Central India,Bhopal,Hospital,2921,873.29,2550866.88,898827.12,1652039.76,208444.03,64.76
2024,Q4,2024-Q4,Hepazone,Hepatology,North India,Jaipur,Retail Pharmacy,3327,2059.88,6853223.28,2534984.58,4318238.7,898893.24,63.01
2024,Q4,2024-Q4,Hepazone,Hepatology,South India,Chennai,Retail Pharmacy,4101,2082.11,8538737.93,3503873.19,5034864.74,1016616.68,58.96
2024,Q4,2024-Q4,Hepazone,Hepatology,West India,Surat,Clinic,2291,2148.93,4923200.37,2222425.25,2700775.12,462010.6,54.86
2024,Q4,2024-Q4,Hepazone,Hepatology,East India,Kolkata,Hospital,3988,2074.62,8273571.83,3356777.49,4916794.34,1173628.55,59.43
2024,Q4,2024-Q4,Hepazone,Hepatology,Central India,Raipur,Hospital,3411,2201.03,7507729.57,3359155.96,4148573.61,1204550.69,55.26
